solid csg.js
facet normal 0 0 -1
outer loop
vertex 82.3311423034964 -152 0
vertex 81.53038449397559 -161.1527036446662 0
vertex 81.5 -161.50000000000003 0
endloop
endfacet
facet normal 0 0 -1
outer loop
vertex 82.3311423034964 -152 0
vertex 81.5 -161.50000000000003 0
vertex 81.5 -157 0
endloop
endfacet
facet normal 0 0 -1
outer loop
vertex 82.3311423034964 -152 0
vertex 81.5 -157 0
vertex 81.5 -152 0
endloop
endfacet
facet normal 0 0 -1
outer loop
vertex 83.99342691048922 -133 0
vertex 83.55598359285953 -138 0
vertex 81.5 -138 0
endloop
endfacet
facet normal 0 0 -1
outer loop
vertex 83.99342691048922 -133 0
vertex 81.5 -138 0
vertex 81.5 -133 0
endloop
endfacet
facet normal 0 0 -1
outer loop
vertex 95 -100 0
vertex 95 -95 0
vertex 95 -81 0
endloop
endfacet
facet normal 0 0 -1
outer loop
vertex 95 -100 0
vertex 95 -81 0
vertex 95 -72.5 0
endloop
endfacet
facet normal 0 0 -1
outer loop
vertex 95 -100 0
vertex 95 -72.5 0
vertex 100 -72.5 0
endloop
endfacet
facet normal 0 0 -1
outer loop
vertex 95 -100 0
vertex 100 -72.5 0
vertex 100 -78 0
endloop
endfacet
facet normal 0 0 -1
outer loop
vertex 95 -100 0
vertex 100 -78 0
vertex 100 -92 0
endloop
endfacet
facet normal 0 0 -1
outer loop
vertex 95 -100 0
vertex 100 -92 0
vertex 100 -92.22316017992284 0
endloop
endfacet
facet normal 0 0 -1
outer loop
vertex 95 -100 0
vertex 100 -92.22316017992284 0
vertex 95 -110.88341421776676 0
endloop
endfacet
facet normal 0 0 1
outer loop
vertex 85.73156428674834 -152 0
vertex 81.76794919243122 -160.4999999999998 0
vertex 81.62061475842822 -160.81595971334863 0
endloop
endfacet
facet normal 0 0 1
outer loop
vertex 85.73156428674834 -152 0
vertex 81.62061475842822 -160.81595971334863 0
vertex 83.98284404412536 -152 0
endloop
endfacet
facet normal 0 0 1
outer loop
vertex 113.74193107136834 -72.5 0
vertex 120.21442478062694 -77.03208888623797 0
vertex 120.49999999999991 -77.23205080756883 0
endloop
endfacet
facet normal 0 0 1
outer loop
vertex 113.74193107136834 -72.5 0
vertex 120.49999999999991 -77.23205080756883 0
vertex 114 -74.2010510295616 0
endloop
endfacet
facet normal 0 0 1
outer loop
vertex 113.74193107136834 -72.5 0
vertex 114 -74.2010510295616 0
vertex 110.35208429496498 -72.5 0
endloop
endfacet
facet normal 0 0 -1
outer loop
vertex 87.71971326721385 -152 0
vertex 81.96791111376189 -160.2144247806271 0
vertex 81.76794919243122 -160.4999999999998 0
endloop
endfacet
facet normal 0 0 -1
outer loop
vertex 87.71971326721385 -152 0
vertex 81.76794919243122 -160.4999999999998 0
vertex 85.73156428674834 -152 0
endloop
endfacet
facet normal 0 0 -1
outer loop
vertex 121.15270364466613 -77.4696155060244 0
vertex 121.5000000000001 -77.5 0
vertex 120.4714848192933 -77.5 0
endloop
endfacet
facet normal 0 0 -1
outer loop
vertex 121.15270364466613 -77.4696155060244 0
vertex 120.4714848192933 -77.5 0
vertex 120.51180005074795 -77.41354370714353 0
endloop
endfacet
facet normal 0 0 -1
outer loop
vertex 37.5 -86.15529441327479 0
vertex 43 -84.68157385490358 0
vertex 43 -86 0
endloop
endfacet
facet normal 0 0 -1
outer loop
vertex 37.5 -86.15529441327479 0
vertex 43 -86 0
vertex 43 -91.3892557406225 0
endloop
endfacet
facet normal 0 0 -1
outer loop
vertex 37.5 -86.15529441327479 0
vertex 43 -91.3892557406225 0
vertex 37.5 -93.95394786047481 0
endloop
endfacet
facet normal 0 0 -1
outer loop
vertex 85.65571151748203 -114 0
vertex 85.21826819985235 -119 0
vertex 81.5 -119 0
endloop
endfacet
facet normal 0 0 -1
outer loop
vertex 85.65571151748203 -114 0
vertex 81.5 -119 0
vertex 81.5 -114 0
endloop
endfacet
facet normal 0 0 -1
outer loop
vertex 100 -92 0
vertex 100.05979558999312 -92 0
vertex 100 -92.22316017992284 0
endloop
endfacet
facet normal 0 0 -1
outer loop
vertex 94.5 -100 0
vertex 94.5 -95 0
vertex 95 -95 0
endloop
endfacet
facet normal 0 0 -1
outer loop
vertex 94.5 -100 0
vertex 95 -95 0
vertex 95 -100 0
endloop
endfacet
facet normal 0 0 -1
outer loop
vertex 90.51926580956984 -119 0
vertex 90.95670912719953 -114 0
vertex 94.16491335650826 -114 0
endloop
endfacet
facet normal 0 0 -1
outer loop
vertex 90.51926580956984 -119 0
vertex 94.16491335650826 -114 0
vertex 92.82516739435262 -119 0
endloop
endfacet
facet normal 0 0 -1
outer loop
vertex 83.98284404412536 -152 0
vertex 81.62061475842822 -160.81595971334863 0
vertex 81.53038449397559 -161.1527036446662 0
endloop
endfacet
facet normal 0 0 -1
outer loop
vertex 83.98284404412536 -152 0
vertex 81.53038449397559 -161.1527036446662 0
vertex 82.3311423034964 -152 0
endloop
endfacet
facet normal 0 0 -1
outer loop
vertex 115.68233589438897 -72.5 0
vertex 119.96791111376203 -76.78557521937306 0
vertex 120.21442478062694 -77.03208888623797 0
endloop
endfacet
facet normal 0 0 -1
outer loop
vertex 115.68233589438897 -72.5 0
vertex 120.21442478062694 -77.03208888623797 0
vertex 113.74193107136834 -72.5 0
endloop
endfacet
facet normal 0 0 -1
outer loop
vertex 120.81595971334866 -77.37938524157181 0
vertex 121.15270364466613 -77.4696155060244 0
vertex 120.51180005074795 -77.41354370714353 0
endloop
endfacet
facet normal 0 0 -1
outer loop
vertex 120.81595971334866 -77.37938524157181 0
vertex 120.51180005074795 -77.41354370714353 0
vertex 120.55974198051625 -77.31073190697283 0
endloop
endfacet
facet normal 0 0 -1
outer loop
vertex 57 -86 0
vertex 57 -84.86094852645297 0
vertex 66.352084294965 -80.5 0
endloop
endfacet
facet normal 0 0 -1
outer loop
vertex 57 -86 0
vertex 66.352084294965 -80.5 0
vertex 69.74193107136836 -80.5 0
endloop
endfacet
facet normal 0 0 -1
outer loop
vertex 57 -86 0
vertex 69.74193107136836 -80.5 0
vertex 61.887117034287044 -86 0
endloop
endfacet
facet normal 0 0 -1
outer loop
vertex 57 -86 0
vertex 61.887117034287044 -86 0
vertex 57 -89.42199618752099 0
endloop
endfacet
facet normal 0 0 -1
outer loop
vertex 43 -86 0
vertex 43 -84.68157385490358 0
vertex 58.60584608210138 -80.5 0
endloop
endfacet
facet normal 0 0 -1
outer loop
vertex 43 -86 0
vertex 58.60584608210138 -80.5 0
vertex 66.352084294965 -80.5 0
endloop
endfacet
facet normal 0 0 -1
outer loop
vertex 43 -86 0
vertex 66.352084294965 -80.5 0
vertex 57 -84.86094852645297 0
endloop
endfacet
facet normal 0 0 -1
outer loop
vertex 43 -86 0
vertex 57 -84.86094852645297 0
vertex 54.55729623216162 -86 0
endloop
endfacet
facet normal 0 0 -1
outer loop
vertex 100 -78 0
vertex 100 -72.5 0
vertex 105.28480484240013 -72.5 0
endloop
endfacet
facet normal 0 0 -1
outer loop
vertex 100 -78 0
vertex 105.28480484240013 -72.5 0
vertex 103.81108428402892 -78 0
endloop
endfacet
facet normal 0 0 -1
outer loop
vertex 94.5 -81 0
vertex 94.5 -73.49999999999996 0
vertex 94.5 -72.5 0
endloop
endfacet
facet normal 0 0 -1
outer loop
vertex 94.5 -81 0
vertex 94.5 -72.5 0
vertex 95 -72.5 0
endloop
endfacet
facet normal 0 0 -1
outer loop
vertex 94.5 -81 0
vertex 95 -72.5 0
vertex 95 -81 0
endloop
endfacet
facet normal 0 0 -1
outer loop
vertex 114 -78 0
vertex 114 -74.2010510295616 0
vertex 120.49999999999991 -77.23205080756883 0
endloop
endfacet
facet normal 0 0 -1
outer loop
vertex 114 -78 0
vertex 120.49999999999991 -77.23205080756883 0
vertex 120.57920830217356 -77.26898624546185 0
endloop
endfacet
facet normal 0 0 -1
outer loop
vertex 114 -78 0
vertex 120.57920830217356 -77.26898624546185 0
vertex 120.55974198051625 -77.31073190697283 0
endloop
endfacet
facet normal 0 0 -1
outer loop
vertex 114 -78 0
vertex 120.55974198051625 -77.31073190697283 0
vertex 120.51180005074795 -77.41354370714353 0
endloop
endfacet
facet normal 0 0 -1
outer loop
vertex 114 -78 0
vertex 120.51180005074795 -77.41354370714353 0
vertex 120.4714848192933 -77.5 0
endloop
endfacet
facet normal 0 0 -1
outer loop
vertex 114 -78 0
vertex 120.4714848192933 -77.5 0
vertex 119 -80.65560937839945 0
endloop
endfacet
facet normal 0 0 -1
outer loop
vertex 114 -78 0
vertex 119 -80.65560937839945 0
vertex 114 -91.37814398094798 0
endloop
endfacet
facet normal 0 0 1
outer loop
vertex 116.96711903959216 -72.5 0
vertex 119.76794919243116 -76.50000000000007 0
vertex 119.96791111376203 -76.78557521937306 0
endloop
endfacet
facet normal 0 0 1
outer loop
vertex 116.96711903959216 -72.5 0
vertex 119.96791111376203 -76.78557521937306 0
vertex 115.68233589438897 -72.5 0
endloop
endfacet
facet normal 0 0 -1
outer loop
vertex 120.81595971334866 -77.37938524157181 0
vertex 120.55974198051625 -77.31073190697283 0
vertex 120.57920830217356 -77.26898624546185 0
endloop
endfacet
facet normal 0 0 -1
outer loop
vertex 93.59378115564408 -152 0
vertex 82.49999999999984 -159.76794919243122 0
vertex 82.21442478062706 -159.96791111376194 0
endloop
endfacet
facet normal 0 0 -1
outer loop
vertex 93.59378115564408 -152 0
vertex 82.21442478062706 -159.96791111376194 0
vertex 90.18233589438947 -152 0
endloop
endfacet
facet normal 0 0 -1
outer loop
vertex 37.5 -93.95394786047481 0
vertex 43 -91.3892557406225 0
vertex 43 -99.2249017224573 0
endloop
endfacet
facet normal 0 0 -1
outer loop
vertex 37.5 -93.95394786047481 0
vertex 43 -99.2249017224573 0
vertex 37.5 -103.07604318261086 0
endloop
endfacet
facet normal 0 0 -1
outer loop
vertex 87.31799612447483 -95 0
vertex 86.88055280684515 -100 0
vertex 81.5 -100 0
endloop
endfacet
facet normal 0 0 -1
outer loop
vertex 87.31799612447483 -95 0
vertex 81.5 -100 0
vertex 81.5 -95 0
endloop
endfacet
facet normal 0 0 -1
outer loop
vertex 92.18155041656266 -100 0
vertex 92.61899373419234 -95 0
vertex 94.5 -95 0
endloop
endfacet
facet normal 0 0 -1
outer loop
vertex 92.18155041656266 -100 0
vertex 94.5 -95 0
vertex 94.5 -100 0
endloop
endfacet
facet normal 0 0 -1
outer loop
vertex 89.07387870031681 -133 0
vertex 87.73413273816116 -138 0
vertex 83.55598359285953 -138 0
endloop
endfacet
facet normal 0 0 -1
outer loop
vertex 89.07387870031681 -133 0
vertex 83.55598359285953 -138 0
vertex 83.99342691048922 -133 0
endloop
endfacet
facet normal 0 0 -1
outer loop
vertex 88.8017656467011 -95 0
vertex 87.46201968454545 -100 0
vertex 86.88055280684515 -100 0
endloop
endfacet
facet normal 0 0 -1
outer loop
vertex 88.8017656467011 -95 0
vertex 86.88055280684515 -100 0
vertex 87.31799612447483 -95 0
endloop
endfacet
facet normal 0 0 -1
outer loop
vertex 89.6807018092056 -81 0
vertex 94.03208888623797 -74.78557521937306 0
vertex 94.2320508075689 -74.49999999999999 0
endloop
endfacet
facet normal 0 0 -1
outer loop
vertex 89.6807018092056 -81 0
vertex 94.2320508075689 -74.49999999999999 0
vertex 91.20105102956161 -81 0
endloop
endfacet
facet normal 0 0 -1
outer loop
vertex 100 -97 0
vertex 100 -111 0
vertex 100 -116 0
endloop
endfacet
facet normal 0 0 -1
outer loop
vertex 100 -97 0
vertex 100 -116 0
vertex 100 -121.40124086808392 0
endloop
endfacet
facet normal 0 0 -1
outer loop
vertex 100 -97 0
vertex 100 -121.40124086808392 0
vertex 95 -132.12377547063247 0
endloop
endfacet
facet normal 0 0 -1
outer loop
vertex 100 -97 0
vertex 95 -132.12377547063247 0
vertex 95 -119 0
endloop
endfacet
facet normal 0 0 -1
outer loop
vertex 100 -97 0
vertex 95 -119 0
vertex 95 -114 0
endloop
endfacet
facet normal 0 0 -1
outer loop
vertex 100 -97 0
vertex 95 -114 0
vertex 95 -110.88341421776676 0
endloop
endfacet
facet normal 0 0 -1
outer loop
vertex 100 -97 0
vertex 95 -110.88341421776676 0
vertex 100 -92.22316017992284 0
endloop
endfacet
facet normal 0 0 -1
outer loop
vertex 94.59140979169268 -133 0
vertex 92.25987150091785 -138 0
vertex 87.73413273816116 -138 0
endloop
endfacet
facet normal 0 0 -1
outer loop
vertex 94.59140979169268 -133 0
vertex 87.73413273816116 -138 0
vertex 89.07387870031681 -133 0
endloop
endfacet
facet normal 0 0 -1
outer loop
vertex 133 -83 0
vertex 133 -77.5 0
vertex 139.88517486383924 -77.5 0
endloop
endfacet
facet normal 0 0 -1
outer loop
vertex 133 -83 0
vertex 139.88517486383924 -77.5 0
vertex 138 -80.19230872415224 0
endloop
endfacet
facet normal 0 0 -1
outer loop
vertex 133 -83 0
vertex 138 -80.19230872415224 0
vertex 133 -87.33304875786254 0
endloop
endfacet
facet normal 0 0 -1
outer loop
vertex 100 -130 0
vertex 100 -134.4619329803505 0
vertex 99.62324141677938 -135 0
endloop
endfacet
facet normal 0 0 -1
outer loop
vertex 100 -130 0
vertex 99.62324141677938 -135 0
vertex 95 -141.6026730140608 0
endloop
endfacet
facet normal 0 0 -1
outer loop
vertex 100 -130 0
vertex 95 -141.6026730140608 0
vertex 95 -138 0
endloop
endfacet
facet normal 0 0 -1
outer loop
vertex 100 -130 0
vertex 95 -138 0
vertex 95 -133 0
endloop
endfacet
facet normal 0 0 -1
outer loop
vertex 100 -130 0
vertex 95 -133 0
vertex 95 -132.12377547063247 0
endloop
endfacet
facet normal 0 0 -1
outer loop
vertex 100 -130 0
vertex 95 -132.12377547063247 0
vertex 100 -121.40124086808392 0
endloop
endfacet
facet normal 0 0 -1
outer loop
vertex 95 -133 0
vertex 95 -138 0
vertex 92.25987150091785 -138 0
endloop
endfacet
facet normal 0 0 -1
outer loop
vertex 95 -133 0
vertex 92.25987150091785 -138 0
vertex 94.59140979169268 -133 0
endloop
endfacet
facet normal 0 0 -1
outer loop
vertex 95 -152 0
vertex 99.1584208013348 -152 0
vertex 82.81595971334869 -159.6206147584282 0
endloop
endfacet
facet normal 0 0 -1
outer loop
vertex 95 -152 0
vertex 82.81595971334869 -159.6206147584282 0
vertex 82.49999999999984 -159.76794919243122 0
endloop
endfacet
facet normal 0 0 -1
outer loop
vertex 95 -152 0
vertex 82.49999999999984 -159.76794919243122 0
vertex 93.59378115564408 -152 0
endloop
endfacet
facet normal 0 0 -1
outer loop
vertex 73.5000000000001 -80.5 0
vertex 73.84729635533395 -80.46961550602441 0
vertex 72.7900301609971 -80.75290912898168 0
endloop
endfacet
facet normal 0 0 -1
outer loop
vertex 73.5000000000001 -80.5 0
vertex 72.7900301609971 -80.75290912898168 0
vertex 72.93234432722362 -80.54966343615413 0
endloop
endfacet
facet normal 0 0 -1
outer loop
vertex 62 -86 0
vertex 61.887117034287044 -86 0
vertex 69.74193107136836 -80.5 0
endloop
endfacet
facet normal 0 0 -1
outer loop
vertex 62 -86 0
vertex 69.74193107136836 -80.5 0
vertex 71.68233589438898 -80.5 0
endloop
endfacet
facet normal 0 0 -1
outer loop
vertex 62 -86 0
vertex 71.68233589438898 -80.5 0
vertex 66.18233589438898 -86 0
endloop
endfacet
facet normal 0 0 -1
outer loop
vertex 37.5 -103.07604318261086 0
vertex 43 -99.2249017224573 0
vertex 43 -100 0
endloop
endfacet
facet normal 0 0 -1
outer loop
vertex 37.5 -103.07604318261086 0
vertex 43 -100 0
vertex 43 -105 0
endloop
endfacet
facet normal 0 0 -1
outer loop
vertex 37.5 -103.07604318261086 0
vertex 43 -105 0
vertex 43 -109.18233589438896 0
endloop
endfacet
facet normal 0 0 -1
outer loop
vertex 37.5 -103.07604318261086 0
vertex 43 -109.18233589438896 0
vertex 37.5 -114.68233589438896 0
endloop
endfacet
facet normal 0 0 -1
outer loop
vertex 54.55729623216162 -86 0
vertex 57 -84.86094852645297 0
vertex 57 -86 0
endloop
endfacet
facet normal 0 0 -1
outer loop
vertex 89.02402506323061 -75.5 0
vertex 88.99721380509357 -75.80645408280947 0
vertex 88.93496855198332 -76.51792058145806 0
endloop
endfacet
facet normal 0 0 -1
outer loop
vertex 89.02402506323061 -75.5 0
vertex 88.93496855198332 -76.51792058145806 0
vertex 88.85809341694868 -77.39660739568565 0
endloop
endfacet
facet normal 0 0 -1
outer loop
vertex 89.02402506323061 -75.5 0
vertex 88.85809341694868 -77.39660739568565 0
vertex 88.75690449792644 -78.55320203256947 0
endloop
endfacet
facet normal 0 0 -1
outer loop
vertex 89.02402506323061 -75.5 0
vertex 88.75690449792644 -78.55320203256947 0
vertex 88.61236470739095 -80.20529939822008 0
endloop
endfacet
facet normal 0 0 -1
outer loop
vertex 89.02402506323061 -75.5 0
vertex 88.61236470739095 -80.20529939822008 0
vertex 88.54283741383796 -81 0
endloop
endfacet
facet normal 0 0 -1
outer loop
vertex 89.02402506323061 -75.5 0
vertex 88.54283741383796 -81 0
vertex 81.5 -81 0
endloop
endfacet
facet normal 0 0 -1
outer loop
vertex 89.02402506323061 -75.5 0
vertex 81.5 -81 0
vertex 81.5 -75.5 0
endloop
endfacet
facet normal 0 0 -1
outer loop
vertex 93.84383502355547 -81 0
vertex 94.4696155060244 -73.84729635533394 0
vertex 94.5 -73.49999999999996 0
endloop
endfacet
facet normal 0 0 -1
outer loop
vertex 93.84383502355547 -81 0
vertex 94.5 -73.49999999999996 0
vertex 94.5 -81 0
endloop
endfacet
facet normal 0 0 1
outer loop
vertex 91.20105102956161 -81 0
vertex 94.2320508075689 -74.49999999999999 0
vertex 94.37938524157181 -74.18404028665135 0
endloop
endfacet
facet normal 0 0 1
outer loop
vertex 91.20105102956161 -81 0
vertex 94.37938524157181 -74.18404028665135 0
vertex 92.55305434073692 -81 0
endloop
endfacet
facet normal 0 0 -1
outer loop
vertex 93.78557521937307 -75.03208888623796 0
vertex 94.03208888623797 -74.78557521937306 0
vertex 89.6807018092056 -81 0
endloop
endfacet
facet normal 0 0 -1
outer loop
vertex 93.78557521937307 -75.03208888623796 0
vertex 89.6807018092056 -81 0
vertex 88.54283741383796 -81 0
endloop
endfacet
facet normal 0 0 -1
outer loop
vertex 93.78557521937307 -75.03208888623796 0
vertex 88.54283741383796 -81 0
vertex 88.61236470739095 -80.20529939822008 0
endloop
endfacet
facet normal 0 0 -1
outer loop
vertex 93.50000000000006 -75.23205080756884 0
vertex 93.78557521937307 -75.03208888623796 0
vertex 88.61236470739095 -80.20529939822008 0
endloop
endfacet
facet normal 0 0 -1
outer loop
vertex 93.50000000000006 -75.23205080756884 0
vertex 88.61236470739095 -80.20529939822008 0
vertex 88.75690449792644 -78.55320203256947 0
endloop
endfacet
facet normal 0 0 -1
outer loop
vertex 119 -83 0
vertex 119 -97 0
vertex 119 -102 0
endloop
endfacet
facet normal 0 0 -1
outer loop
vertex 119 -83 0
vertex 119 -102 0
vertex 119 -107.32712085225137 0
endloop
endfacet
facet normal 0 0 -1
outer loop
vertex 119 -83 0
vertex 119 -107.32712085225137 0
vertex 114 -114.46786088596167 0
endloop
endfacet
facet normal 0 0 -1
outer loop
vertex 119 -83 0
vertex 114 -114.46786088596167 0
vertex 114 -111 0
endloop
endfacet
facet normal 0 0 -1
outer loop
vertex 119 -83 0
vertex 114 -111 0
vertex 114 -97 0
endloop
endfacet
facet normal 0 0 -1
outer loop
vertex 119 -83 0
vertex 114 -97 0
vertex 114 -92 0
endloop
endfacet
facet normal 0 0 -1
outer loop
vertex 119 -83 0
vertex 114 -92 0
vertex 114 -91.37814398094798 0
endloop
endfacet
facet normal 0 0 -1
outer loop
vertex 119 -83 0
vertex 114 -91.37814398094798 0
vertex 119 -80.65560937839945 0
endloop
endfacet
facet normal 0 0 -1
outer loop
vertex 103.12427910782806 -130 0
vertex 100 -134.4619329803505 0
vertex 100 -130 0
endloop
endfacet
facet normal 0 0 -1
outer loop
vertex 171.41764217073086 -180.0747890348816 0
vertex 175.63088620206096 -183.6101205741344 0
vertex 173.3811300000001 -186.29127639999987 0
endloop
endfacet
facet normal 0 0 -1
outer loop
vertex 171.41764217073086 -180.0747890348816 0
vertex 173.3811300000001 -186.29127639999987 0
vertex 173.13461703171137 -186.5377867822083 0
endloop
endfacet
facet normal 0 0 -1
outer loop
vertex 171.41764217073086 -180.0747890348816 0
vertex 173.13461703171137 -186.5377867822083 0
vertex 172.84904257058585 -186.73774882085712 0
endloop
endfacet
facet normal 0 0 -1
outer loop
vertex 171.41764217073086 -180.0747890348816 0
vertex 172.84904257058585 -186.73774882085712 0
vertex 172.5330836245481 -186.8850835898918 0
endloop
endfacet
facet normal 0 0 -1
outer loop
vertex 171.41764217073086 -180.0747890348816 0
vertex 172.5330836245481 -186.8850835898918 0
vertex 172.1963404157886 -186.97531441113358 0
endloop
endfacet
facet normal 0 0 -1
outer loop
vertex 171.41764217073086 -180.0747890348816 0
vertex 172.1963404157886 -186.97531441113358 0
vertex 171.84904468379634 -187.0056996754489 0
endloop
endfacet
facet normal 0 0 -1
outer loop
vertex 171.41764217073086 -180.0747890348816 0
vertex 171.84904468379634 -187.0056996754489 0
vertex 171.5017488001198 -186.97531614489057 0
endloop
endfacet
facet normal 0 0 -1
outer loop
vertex 171.41764217073086 -180.0747890348816 0
vertex 171.5017488001198 -186.97531614489057 0
vertex 171.16500514091757 -186.88508700472667 0
endloop
endfacet
facet normal 0 0 -1
outer loop
vertex 171.41764217073086 -180.0747890348816 0
vertex 171.16500514091757 -186.88508700472667 0
vertex 170.84904545936502 -186.73775381301232 0
endloop
endfacet
facet normal 0 0 -1
outer loop
vertex 171.41764217073086 -180.0747890348816 0
vertex 170.84904545936502 -186.73775381301232 0
vertex 170.56346999999994 -186.5377931999999 0
endloop
endfacet
facet normal 0 0 -1
outer loop
vertex 171.41764217073086 -180.0747890348816 0
vertex 170.56346999999994 -186.5377931999999 0
vertex 153.8377621059827 -172.5032579971992 0
endloop
endfacet
facet normal 0 0 -1
outer loop
vertex 171.41764217073086 -180.0747890348816 0
vertex 153.8377621059827 -172.5032579971992 0
vertex 163.3902303379476 -173.3389906761878 0
endloop
endfacet
facet normal 0 0 -1
outer loop
vertex 74.18404028665118 -80.37938524157187 0
vertex 74.50000000000011 -80.23205080756881 0
vertex 73.79867380547336 -80.72312469572039 0
endloop
endfacet
facet normal 0 0 -1
outer loop
vertex 74.18404028665118 -80.37938524157187 0
vertex 73.79867380547336 -80.72312469572039 0
vertex 73.89642150234035 -80.51350408332524 0
endloop
endfacet
facet normal 0 0 -1
outer loop
vertex 73.5000000000001 -80.5 0
vertex 72.93234432722362 -80.54966343615413 0
vertex 72.96711903959213 -80.5 0
endloop
endfacet
facet normal 0 0 -1
outer loop
vertex 66.18233589438898 -86 0
vertex 71.68233589438898 -80.5 0
vertex 72.96711903959213 -80.5 0
endloop
endfacet
facet normal 0 0 -1
outer loop
vertex 66.18233589438898 -86 0
vertex 72.96711903959213 -80.5 0
vertex 72.93234432722362 -80.54966343615413 0
endloop
endfacet
facet normal 0 0 -1
outer loop
vertex 66.18233589438898 -86 0
vertex 72.93234432722362 -80.54966343615413 0
vertex 72.7900301609971 -80.75290912898168 0
endloop
endfacet
facet normal 0 0 -1
outer loop
vertex 66.18233589438898 -86 0
vertex 72.7900301609971 -80.75290912898168 0
vertex 69.11597757943859 -86 0
endloop
endfacet
facet normal 0 0 -1
outer loop
vertex 37.5 -114.68233589438896 0
vertex 43 -109.18233589438896 0
vertex 43 -119 0
endloop
endfacet
facet normal 0 0 -1
outer loop
vertex 37.5 -114.68233589438896 0
vertex 43 -119 0
vertex 43 -123.29748132419556 0
endloop
endfacet
facet normal 0 0 -1
outer loop
vertex 37.5 -114.68233589438896 0
vertex 43 -123.29748132419556 0
vertex 37.5 -131.15229536127688 0
endloop
endfacet
facet normal 0 0 -1
outer loop
vertex 57 -89.42199618752099 0
vertex 61.887117034287044 -86 0
vertex 62 -86 0
endloop
endfacet
facet normal 0 0 -1
outer loop
vertex 57 -89.42199618752099 0
vertex 62 -86 0
vertex 62 -90.18233589438898 0
endloop
endfacet
facet normal 0 0 -1
outer loop
vertex 57 -89.42199618752099 0
vertex 62 -90.18233589438898 0
vertex 57 -95.18233589438897 0
endloop
endfacet
facet normal 0 0 -1
outer loop
vertex 90.95670912719953 -114 0
vertex 90.51926580956984 -119 0
vertex 85.21826819985235 -119 0
endloop
endfacet
facet normal 0 0 -1
outer loop
vertex 90.95670912719953 -114 0
vertex 85.21826819985235 -119 0
vertex 85.65571151748203 -114 0
endloop
endfacet
facet normal 0 0 -1
outer loop
vertex 93.18404028665121 -75.37938524157185 0
vertex 93.50000000000006 -75.23205080756884 0
vertex 88.75690449792644 -78.55320203256947 0
endloop
endfacet
facet normal 0 0 -1
outer loop
vertex 93.18404028665121 -75.37938524157185 0
vertex 88.75690449792644 -78.55320203256947 0
vertex 88.85809341694868 -77.39660739568565 0
endloop
endfacet
facet normal 0 0 -1
outer loop
vertex 104.85017827110194 -111 0
vertex 102.51863998032711 -116 0
vertex 100 -116 0
endloop
endfacet
facet normal 0 0 -1
outer loop
vertex 104.85017827110194 -111 0
vertex 100 -116 0
vertex 100 -111 0
endloop
endfacet
facet normal 0 0 -1
outer loop
vertex 95 -114 0
vertex 95 -119 0
vertex 92.82516739435262 -119 0
endloop
endfacet
facet normal 0 0 -1
outer loop
vertex 95 -114 0
vertex 92.82516739435262 -119 0
vertex 94.16491335650826 -114 0
endloop
endfacet
facet normal 0 0 -1
outer loop
vertex 117.49999999999993 -72.5 0
vertex 117.84729635533392 -72.5303844939756 0
vertex 117.92682377556415 -72.55169380200242 0
endloop
endfacet
facet normal 0 0 -1
outer loop
vertex 117.49999999999993 -72.5 0
vertex 117.92682377556415 -72.55169380200242 0
vertex 119.62061475842818 -76.18404028665128 0
endloop
endfacet
facet normal 0 0 -1
outer loop
vertex 117.49999999999993 -72.5 0
vertex 119.62061475842818 -76.18404028665128 0
vertex 119.76794919243116 -76.50000000000007 0
endloop
endfacet
facet normal 0 0 -1
outer loop
vertex 117.49999999999993 -72.5 0
vertex 119.76794919243116 -76.50000000000007 0
vertex 116.96711903959216 -72.5 0
endloop
endfacet
facet normal 0 0 -1
outer loop
vertex 100 -149 0
vertex 105.59194156286331 -149 0
vertex 99.1584208013348 -152 0
endloop
endfacet
facet normal 0 0 -1
outer loop
vertex 100 -149 0
vertex 99.1584208013348 -152 0
vertex 95 -152 0
endloop
endfacet
facet normal 0 0 -1
outer loop
vertex 100 -149 0
vertex 95 -152 0
vertex 95 -151.0153549648094 0
endloop
endfacet
facet normal 0 0 -1
outer loop
vertex 100 -149 0
vertex 95 -151.0153549648094 0
vertex 97.87822517587026 -149 0
endloop
endfacet
facet normal 0 0 -1
outer loop
vertex 114 -149 0
vertex 119 -149 0
vertex 119 -149.9251303847245 0
endloop
endfacet
facet normal 0 0 -1
outer loop
vertex 114 -149 0
vertex 119 -149.9251303847245 0
vertex 103.79237956157358 -154 0
endloop
endfacet
facet normal 0 0 -1
outer loop
vertex 114 -149 0
vertex 103.79237956157358 -154 0
vertex 83.15270364466636 -159.53038449397553 0
endloop
endfacet
facet normal 0 0 -1
outer loop
vertex 114 -149 0
vertex 83.15270364466636 -159.53038449397553 0
vertex 82.81595971334869 -159.6206147584282 0
endloop
endfacet
facet normal 0 0 -1
outer loop
vertex 114 -149 0
vertex 82.81595971334869 -159.6206147584282 0
vertex 99.1584208013348 -152 0
endloop
endfacet
facet normal 0 0 -1
outer loop
vertex 114 -149 0
vertex 99.1584208013348 -152 0
vertex 105.59194156286331 -149 0
endloop
endfacet
facet normal 0 0 -1
outer loop
vertex 158.18745499999963 -142.59793599999963 0
vertex 169.01792869369018 -152.01815071108263 0
vertex 160.63520095016833 -152.75154435806516 0
endloop
endfacet
facet normal 0 0 -1
outer loop
vertex 158.18745499999963 -142.59793599999963 0
vertex 160.63520095016833 -152.75154435806516 0
vertex 155.1372022 -148.1381756000001 0
endloop
endfacet
facet normal 0 0 -1
outer loop
vertex 158.18745499999963 -142.59793599999963 0
vertex 155.1372022 -148.1381756000001 0
vertex 148.00474412928745 -142.15333261861036 0
endloop
endfacet
facet normal 0 0 -1
outer loop
vertex 158.18745499999963 -142.59793599999963 0
vertex 148.00474412928745 -142.15333261861036 0
vertex 155.39853950823235 -140.17217111782105 0
endloop
endfacet
facet normal 0 0 -1
outer loop
vertex 157.98646214184183 -142.39625448529557 0
vertex 158.18745499999963 -142.59793599999963 0
vertex 155.39853950823235 -140.17217111782105 0
endloop
endfacet
facet normal 0 0 -1
outer loop
vertex 157.98646214184183 -142.39625448529557 0
vertex 155.39853950823235 -140.17217111782105 0
vertex 155.6916914585012 -140.09362128948692 0
endloop
endfacet
facet normal 0 0 -1
outer loop
vertex 175.63088620206096 -183.6101205741344 0
vertex 171.41764217073086 -180.0747890348816 0
vertex 176.13409899440487 -174.45393471309134 0
endloop
endfacet
facet normal 0 0 -1
outer loop
vertex 175.63088620206096 -183.6101205741344 0
vertex 176.13409899440487 -174.45393471309134 0
vertex 182.82280681564762 -175.03912082108738 0
endloop
endfacet
facet normal 0 0 -1
outer loop
vertex 75.5 -157 0
vertex 76 -157 0
vertex 81.5 -157 0
endloop
endfacet
facet normal 0 0 -1
outer loop
vertex 75.5 -157 0
vertex 81.5 -157 0
vertex 81.5 -161.50000000000003 0
endloop
endfacet
facet normal 0 0 -1
outer loop
vertex 75.5 -157 0
vertex 81.5 -161.50000000000003 0
vertex 81.5 -162.5 0
endloop
endfacet
facet normal 0 0 -1
outer loop
vertex 75.5 -157 0
vertex 81.5 -162.5 0
vertex 75.5 -162.5 0
endloop
endfacet
facet normal 0 0 -1
outer loop
vertex 54.1353659177548 -157 0
vertex 57 -157 0
vertex 62 -157 0
endloop
endfacet
facet normal 0 0 -1
outer loop
vertex 54.1353659177548 -157 0
vertex 62 -157 0
vertex 68.54465124968799 -157 0
endloop
endfacet
facet normal 0 0 -1
outer loop
vertex 54.1353659177548 -157 0
vertex 68.54465124968799 -157 0
vertex 68.06346360029534 -162.5 0
endloop
endfacet
facet normal 0 0 -1
outer loop
vertex 54.1353659177548 -157 0
vertex 68.06346360029534 -162.5 0
vertex 52.661645359383584 -162.5 0
endloop
endfacet
facet normal 0 0 -1
outer loop
vertex 75.03208888623797 -79.78557521937307 0
vertex 75.23205080756881 -79.50000000000011 0
vertex 74.45481252766186 -81.16679287014564 0
endloop
endfacet
facet normal 0 0 -1
outer loop
vertex 75.03208888623797 -79.78557521937307 0
vertex 74.45481252766186 -81.16679287014564 0
vertex 74.69648139048584 -80.26487239547917 0
endloop
endfacet
facet normal 0 0 -1
outer loop
vertex 37.5 -158.56588187688251 0
vertex 38.2301827109564 -157 0
vertex 43 -157 0
endloop
endfacet
facet normal 0 0 -1
outer loop
vertex 37.5 -158.56588187688251 0
vertex 43 -157 0
vertex 54.1353659177548 -157 0
endloop
endfacet
facet normal 0 0 -1
outer loop
vertex 37.5 -158.56588187688251 0
vertex 54.1353659177548 -157 0
vertex 52.661645359383584 -162.5 0
endloop
endfacet
facet normal 0 0 -1
outer loop
vertex 37.5 -158.56588187688251 0
vertex 52.661645359383584 -162.5 0
vertex 39.500000000000085 -162.5 0
endloop
endfacet
facet normal 0 0 -1
outer loop
vertex 37.5 -158.56588187688251 0
vertex 39.500000000000085 -162.5 0
vertex 39.15270364466622 -162.4696155060244 0
endloop
endfacet
facet normal 0 0 -1
outer loop
vertex 37.5 -158.56588187688251 0
vertex 39.15270364466622 -162.4696155060244 0
vertex 38.81595971334875 -162.3793852415718 0
endloop
endfacet
facet normal 0 0 -1
outer loop
vertex 37.5 -158.56588187688251 0
vertex 38.81595971334875 -162.3793852415718 0
vertex 38.499999999999815 -162.23205080756875 0
endloop
endfacet
facet normal 0 0 -1
outer loop
vertex 37.5 -158.56588187688251 0
vertex 38.499999999999815 -162.23205080756875 0
vertex 38.21442478062701 -162.03208888623803 0
endloop
endfacet
facet normal 0 0 -1
outer loop
vertex 37.5 -158.56588187688251 0
vertex 38.21442478062701 -162.03208888623803 0
vertex 37.96791111376206 -161.78557521937307 0
endloop
endfacet
facet normal 0 0 -1
outer loop
vertex 37.5 -158.56588187688251 0
vertex 37.96791111376206 -161.78557521937307 0
vertex 37.767949192431104 -161.49999999999997 0
endloop
endfacet
facet normal 0 0 -1
outer loop
vertex 37.5 -158.56588187688251 0
vertex 37.767949192431104 -161.49999999999997 0
vertex 37.62061475842819 -161.18404028665134 0
endloop
endfacet
facet normal 0 0 -1
outer loop
vertex 37.5 -158.56588187688251 0
vertex 37.62061475842819 -161.18404028665134 0
vertex 37.53038449397556 -160.8472963553338 0
endloop
endfacet
facet normal 0 0 -1
outer loop
vertex 37.5 -158.56588187688251 0
vertex 37.53038449397556 -160.8472963553338 0
vertex 37.5 -160.5000000000001 0
endloop
endfacet
facet normal 0 0 -1
outer loop
vertex 74.18404028665118 -80.37938524157187 0
vertex 73.89642150234035 -80.51350408332524 0
vertex 73.92682377556415 -80.4483061979976 0
endloop
endfacet
facet normal 0 0 -1
outer loop
vertex 57 -100 0
vertex 57 -95.18233589438897 0
vertex 62 -90.18233589438898 0
endloop
endfacet
facet normal 0 0 -1
outer loop
vertex 57 -100 0
vertex 62 -90.18233589438898 0
vertex 62 -96.16266919609642 0
endloop
endfacet
facet normal 0 0 -1
outer loop
vertex 57 -100 0
vertex 62 -96.16266919609642 0
vertex 59.31307204450228 -100 0
endloop
endfacet
facet normal 0 0 -1
outer loop
vertex 57 -100 0
vertex 59.31307204450228 -100 0
vertex 57 -103.30340922980672 0
endloop
endfacet
facet normal 0 0 -1
outer loop
vertex 43 -119 0
vertex 46.0091288185173 -119 0
vertex 43 -123.29748132419556 0
endloop
endfacet
facet normal 0 0 -1
outer loop
vertex 43 -105 0
vertex 43 -100 0
vertex 52.18233589438897 -100 0
endloop
endfacet
facet normal 0 0 -1
outer loop
vertex 43 -105 0
vertex 52.18233589438897 -100 0
vertex 47.182335894388956 -105 0
endloop
endfacet
facet normal 0 0 -1
outer loop
vertex 92.84729635533394 -75.4696155060244 0
vertex 93.18404028665121 -75.37938524157185 0
vertex 88.85809341694868 -77.39660739568565 0
endloop
endfacet
facet normal 0 0 -1
outer loop
vertex 92.84729635533394 -75.4696155060244 0
vertex 88.85809341694868 -77.39660739568565 0
vertex 88.93496855198332 -76.51792058145806 0
endloop
endfacet
facet normal 0 0 -1
outer loop
vertex 118.18404028665128 -72.62061475842816 0
vertex 118.49999999999997 -72.7679491924311 0
vertex 118.75268460533164 -72.9448808578739 0
endloop
endfacet
facet normal 0 0 -1
outer loop
vertex 118.18404028665128 -72.62061475842816 0
vertex 118.75268460533164 -72.9448808578739 0
vertex 119.5303844939756 -75.84729635533388 0
endloop
endfacet
facet normal 0 0 -1
outer loop
vertex 118.18404028665128 -72.62061475842816 0
vertex 119.5303844939756 -75.84729635533388 0
vertex 119.62061475842818 -76.18404028665128 0
endloop
endfacet
facet normal 0 0 -1
outer loop
vertex 118.18404028665128 -72.62061475842816 0
vertex 119.62061475842818 -76.18404028665128 0
vertex 117.92682377556415 -72.55169380200242 0
endloop
endfacet
facet normal 0 0 -1
outer loop
vertex 126.23112786874937 -97 0
vertex 122.73009017770069 -102 0
vertex 119 -102 0
endloop
endfacet
facet normal 0 0 -1
outer loop
vertex 126.23112786874937 -97 0
vertex 119 -102 0
vertex 119 -97 0
endloop
endfacet
facet normal 0 0 -1
outer loop
vertex 114 -111 0
vertex 114 -114.46786088596167 0
vertex 112.92718464276437 -116 0
endloop
endfacet
facet normal 0 0 -1
outer loop
vertex 114 -111 0
vertex 112.92718464276437 -116 0
vertex 102.51863998032711 -116 0
endloop
endfacet
facet normal 0 0 -1
outer loop
vertex 114 -111 0
vertex 102.51863998032711 -116 0
vertex 104.85017827110194 -111 0
endloop
endfacet
facet normal 0 0 -1
outer loop
vertex 157.5 -107.25238382670085 0
vertex 152 -111.1035252868544 0
vertex 152 -104 0
endloop
endfacet
facet normal 0 0 -1
outer loop
vertex 157.5 -107.25238382670085 0
vertex 152 -104 0
vertex 152 -99 0
endloop
endfacet
facet normal 0 0 -1
outer loop
vertex 157.5 -107.25238382670085 0
vertex 152 -99 0
vertex 152 -90.18233589439303 0
endloop
endfacet
facet normal 0 0 -1
outer loop
vertex 157.5 -107.25238382670085 0
vertex 152 -90.18233589439303 0
vertex 157.5 -84.68233589439335 0
endloop
endfacet
facet normal 0 0 -1
outer loop
vertex 119 -134.21037404777573 0
vertex 114 -137.7114117388244 0
vertex 114 -135 0
endloop
endfacet
facet normal 0 0 -1
outer loop
vertex 119 -134.21037404777573 0
vertex 114 -135 0
vertex 114 -130 0
endloop
endfacet
facet normal 0 0 -1
outer loop
vertex 119 -134.21037404777573 0
vertex 114 -130 0
vertex 114 -128.18233589439083 0
endloop
endfacet
facet normal 0 0 -1
outer loop
vertex 119 -134.21037404777573 0
vertex 114 -128.18233589439083 0
vertex 119 -123.18233589439112 0
endloop
endfacet
facet normal 0 0 -1
outer loop
vertex 114 -130 0
vertex 114 -135 0
vertex 107.18233589439045 -135 0
endloop
endfacet
facet normal 0 0 -1
outer loop
vertex 114 -130 0
vertex 107.18233589439045 -135 0
vertex 112.18233589439073 -130 0
endloop
endfacet
facet normal 0 0 1
outer loop
vertex 100 -147.51431727376072 0
vertex 97.87822517587026 -149 0
vertex 95 -151.0153549648094 0
endloop
endfacet
facet normal 0 0 1
outer loop
vertex 100 -147.51431727376072 0
vertex 95 -151.0153549648094 0
vertex 95 -147.18233589438975 0
endloop
endfacet
facet normal 0 0 1
outer loop
vertex 100 -147.51431727376072 0
vertex 95 -147.18233589438975 0
vertex 100 -142.18233589439004 0
endloop
endfacet
facet normal 0 0 -1
outer loop
vertex 157.81614615883942 -142.16807466949652 0
vertex 157.98646214184183 -142.39625448529557 0
vertex 155.6916914585012 -140.09362128948692 0
endloop
endfacet
facet normal 0 0 -1
outer loop
vertex 157.81614615883942 -142.16807466949652 0
vertex 155.6916914585012 -140.09362128948692 0
vertex 156.17174079660398 -139.96499245701517 0
endloop
endfacet
facet normal 0 0 -1
outer loop
vertex 146.1381756 -158.86279780000004 0
vertex 146.89756809456293 -159.5000037668836 0
vertex 133.99073150000729 -159.50000300000005 0
endloop
endfacet
facet normal 0 0 -1
outer loop
vertex 146.1381756 -158.86279780000004 0
vertex 133.99073150000729 -159.50000300000005 0
vertex 83.4999999999992 -159.50000000000003 0
endloop
endfacet
facet normal 0 0 -1
outer loop
vertex 146.1381756 -158.86279780000004 0
vertex 83.4999999999992 -159.50000000000003 0
vertex 140.91155222934802 -154.47714002450476 0
endloop
endfacet
facet normal 0 0 1
outer loop
vertex 156.8627978 -167.8618244 0
vertex 160.69301997073083 -171.07576243488165 0
vertex 163.3902303379476 -173.3389906761878 0
endloop
endfacet
facet normal 0 0 1
outer loop
vertex 156.8627978 -167.8618244 0
vertex 163.3902303379476 -173.3389906761878 0
vertex 153.8377621059827 -172.5032579971992 0
endloop
endfacet
facet normal 0 0 1
outer loop
vertex 156.8627978 -167.8618244 0
vertex 153.8377621059827 -172.5032579971992 0
vertex 141.91634334633204 -162.5 0
endloop
endfacet
facet normal 0 0 1
outer loop
vertex 156.8627978 -167.8618244 0
vertex 141.91634334633204 -162.5 0
vertex 142.3708219925623 -162.5 0
endloop
endfacet
facet normal 0 0 1
outer loop
vertex 156.8627978 -167.8618244 0
vertex 142.3708219925623 -162.5 0
vertex 143.68630331873138 -162.5 0
endloop
endfacet
facet normal 0 0 1
outer loop
vertex 156.8627978 -167.8618244 0
vertex 143.68630331873138 -162.5 0
vertex 146.03053081906634 -162.5 0
endloop
endfacet
facet normal 0 0 1
outer loop
vertex 156.8627978 -167.8618244 0
vertex 146.03053081906634 -162.5 0
vertex 150.47282435634537 -162.5 0
endloop
endfacet
facet normal 0 0 -1
outer loop
vertex 68.63213991321392 -157 0
vertex 75.5 -157 0
vertex 75.5 -162.5 0
endloop
endfacet
facet normal 0 0 -1
outer loop
vertex 68.63213991321392 -157 0
vertex 75.5 -162.5 0
vertex 68.15095226382127 -162.5 0
endloop
endfacet
facet normal 0 0 -1
outer loop
vertex 74.78557521937306 -80.03208888623796 0
vertex 75.03208888623797 -79.78557521937307 0
vertex 74.69648139048584 -80.26487239547917 0
endloop
endfacet
facet normal 0 0 -1
outer loop
vertex 74.78557521937306 -80.03208888623796 0
vertex 74.69648139048584 -80.26487239547917 0
vertex 74.74907546375707 -80.06858864185395 0
endloop
endfacet
facet normal 0 0 -1
outer loop
vertex 62 -105 0
vertex 57 -105 0
vertex 57 -103.30340922980672 0
endloop
endfacet
facet normal 0 0 -1
outer loop
vertex 62 -105 0
vertex 57 -103.30340922980672 0
vertex 59.31307204450228 -100 0
endloop
endfacet
facet normal 0 0 -1
outer loop
vertex 62 -105 0
vertex 59.31307204450228 -100 0
vertex 62 -100 0
endloop
endfacet
facet normal 0 0 -1
outer loop
vertex 62 -105 0
vertex 62 -100 0
vertex 64.80971922578944 -100 0
endloop
endfacet
facet normal 0 0 -1
outer loop
vertex 62 -105 0
vertex 64.80971922578944 -100 0
vertex 62.47818093501461 -105 0
endloop
endfacet
facet normal 0 0 -1
outer loop
vertex 57 -105 0
vertex 62 -105 0
vertex 62 -106.02546232439464 0
endloop
endfacet
facet normal 0 0 -1
outer loop
vertex 57 -105 0
vertex 62 -106.02546232439464 0
vertex 57 -116.74799692694319 0
endloop
endfacet
facet normal 0 0 -1
outer loop
vertex 43 -124 0
vertex 43 -138 0
vertex 43 -143 0
endloop
endfacet
facet normal 0 0 -1
outer loop
vertex 43 -124 0
vertex 43 -143 0
vertex 37.5 -143 0
endloop
endfacet
facet normal 0 0 -1
outer loop
vertex 43 -124 0
vertex 37.5 -143 0
vertex 37.5 -131.15229536127688 0
endloop
endfacet
facet normal 0 0 -1
outer loop
vertex 43 -124 0
vertex 37.5 -131.15229536127688 0
vertex 43 -123.29748132419556 0
endloop
endfacet
facet normal 0 0 -1
outer loop
vertex 37.5 -143 0
vertex 43 -143 0
vertex 43 -146.7710938140791 0
endloop
endfacet
facet normal 0 0 -1
outer loop
vertex 37.5 -143 0
vertex 43 -146.7710938140791 0
vertex 38.2301827109564 -157 0
endloop
endfacet
facet normal 0 0 -1
outer loop
vertex 37.5 -143 0
vertex 38.2301827109564 -157 0
vertex 37.5 -158.56588187688251 0
endloop
endfacet
facet normal 0 0 -1
outer loop
vertex 87.46201968454545 -100 0
vertex 88.8017656467011 -95 0
vertex 92.61899373419234 -95 0
endloop
endfacet
facet normal 0 0 -1
outer loop
vertex 87.46201968454545 -100 0
vertex 92.61899373419234 -95 0
vertex 92.18155041656266 -100 0
endloop
endfacet
facet normal 0 0 -1
outer loop
vertex 92.49999999999991 -75.5 0
vertex 92.84729635533394 -75.4696155060244 0
vertex 88.93496855198332 -76.51792058145806 0
endloop
endfacet
facet normal 0 0 -1
outer loop
vertex 92.49999999999991 -75.5 0
vertex 88.93496855198332 -76.51792058145806 0
vertex 88.99721380509357 -75.80645408280947 0
endloop
endfacet
facet normal 0 0 -1
outer loop
vertex 113.71002377604628 -92 0
vertex 111.37848548527145 -97 0
vertex 100 -97 0
endloop
endfacet
facet normal 0 0 -1
outer loop
vertex 113.71002377604628 -92 0
vertex 100 -97 0
vertex 100 -92.22316017992284 0
endloop
endfacet
facet normal 0 0 -1
outer loop
vertex 113.71002377604628 -92 0
vertex 100 -92.22316017992284 0
vertex 100.05979558999312 -92 0
endloop
endfacet
facet normal 0 0 -1
outer loop
vertex 121.5000000000001 -77.5 0
vertex 133 -77.5 0
vertex 133 -83 0
endloop
endfacet
facet normal 0 0 -1
outer loop
vertex 121.5000000000001 -77.5 0
vertex 133 -83 0
vertex 119 -83 0
endloop
endfacet
facet normal 0 0 -1
outer loop
vertex 121.5000000000001 -77.5 0
vertex 119 -83 0
vertex 119 -80.65560937839945 0
endloop
endfacet
facet normal 0 0 -1
outer loop
vertex 121.5000000000001 -77.5 0
vertex 119 -80.65560937839945 0
vertex 120.4714848192933 -77.5 0
endloop
endfacet
facet normal 0 0 -1
outer loop
vertex 138 -118 0
vertex 138 -120.90643082179072 0
vertex 135.0100733511638 -123 0
endloop
endfacet
facet normal 0 0 -1
outer loop
vertex 138 -118 0
vertex 135.0100733511638 -123 0
vertex 133 -124.4074685128394 0
endloop
endfacet
facet normal 0 0 -1
outer loop
vertex 138 -118 0
vertex 133 -124.4074685128394 0
vertex 133 -121 0
endloop
endfacet
facet normal 0 0 -1
outer loop
vertex 138 -118 0
vertex 133 -121 0
vertex 133 -116 0
endloop
endfacet
facet normal 0 0 -1
outer loop
vertex 138 -118 0
vertex 133 -116 0
vertex 133 -109.18233589439193 0
endloop
endfacet
facet normal 0 0 -1
outer loop
vertex 138 -118 0
vertex 133 -109.18233589439193 0
vertex 138 -104.18233589439222 0
endloop
endfacet
facet normal 0 0 -1
outer loop
vertex 100 -149 0
vertex 97.87822517587026 -149 0
vertex 100 -147.51431727376072 0
endloop
endfacet
facet normal 0 0 -1
outer loop
vertex 138 -137 0
vertex 152 -137 0
vertex 157.5 -137 0
endloop
endfacet
facet normal 0 0 -1
outer loop
vertex 138 -137 0
vertex 157.5 -137 0
vertex 157.5 -139.609086476126 0
endloop
endfacet
facet normal 0 0 -1
outer loop
vertex 138 -137 0
vertex 157.5 -139.609086476126 0
vertex 157.39639353519527 -139.63684774470107 0
endloop
endfacet
facet normal 0 0 -1
outer loop
vertex 138 -137 0
vertex 157.39639353519527 -139.63684774470107 0
vertex 157.15735077095735 -139.70089906033513 0
endloop
endfacet
facet normal 0 0 -1
outer loop
vertex 138 -137 0
vertex 157.15735077095735 -139.70089906033513 0
vertex 156.8823846176722 -139.77457601905377 0
endloop
endfacet
facet normal 0 0 -1
outer loop
vertex 138 -137 0
vertex 156.8823846176722 -139.77457601905377 0
vertex 156.5596652821086 -139.86104840439995 0
endloop
endfacet
facet normal 0 0 -1
outer loop
vertex 138 -137 0
vertex 156.5596652821086 -139.86104840439995 0
vertex 156.17174079660398 -139.96499245701517 0
endloop
endfacet
facet normal 0 0 -1
outer loop
vertex 138 -137 0
vertex 156.17174079660398 -139.96499245701517 0
vertex 155.6916914585012 -140.09362128948692 0
endloop
endfacet
facet normal 0 0 -1
outer loop
vertex 138 -137 0
vertex 155.6916914585012 -140.09362128948692 0
vertex 155.39853950823235 -140.17217111782105 0
endloop
endfacet
facet normal 0 0 -1
outer loop
vertex 138 -137 0
vertex 155.39853950823235 -140.17217111782105 0
vertex 148.00474412928745 -142.15333261861036 0
endloop
endfacet
facet normal 0 0 -1
outer loop
vertex 138 -137 0
vertex 148.00474412928745 -142.15333261861036 0
vertex 133 -146.17384169068868 0
endloop
endfacet
facet normal 0 0 -1
outer loop
vertex 138 -137 0
vertex 133 -146.17384169068868 0
vertex 133 -140 0
endloop
endfacet
facet normal 0 0 -1
outer loop
vertex 138 -137 0
vertex 133 -140 0
vertex 133 -137 0
endloop
endfacet
facet normal 0 0 -1
outer loop
vertex 133 -137 0
vertex 133 -140 0
vertex 124.89250384744884 -140 0
endloop
endfacet
facet normal 0 0 -1
outer loop
vertex 133 -137 0
vertex 124.89250384744884 -140 0
vertex 133 -136.2194124556031 0
endloop
endfacet
facet normal 0 0 -1
outer loop
vertex 119 -154 0
vertex 133 -154 0
vertex 146.36528766517762 -154 0
endloop
endfacet
facet normal 0 0 -1
outer loop
vertex 119 -154 0
vertex 146.36528766517762 -154 0
vertex 140.91155222934802 -154.47714002450476 0
endloop
endfacet
facet normal 0 0 -1
outer loop
vertex 119 -154 0
vertex 140.91155222934802 -154.47714002450476 0
vertex 83.4999999999992 -159.50000000000003 0
endloop
endfacet
facet normal 0 0 -1
outer loop
vertex 119 -154 0
vertex 83.4999999999992 -159.50000000000003 0
vertex 83.15270364466636 -159.53038449397553 0
endloop
endfacet
facet normal 0 0 -1
outer loop
vertex 119 -154 0
vertex 83.15270364466636 -159.53038449397553 0
vertex 103.79237956157358 -154 0
endloop
endfacet
facet normal 0 0 -1
outer loop
vertex 157.6799590818621 -141.91802139023704 0
vertex 157.81614615883942 -142.16807466949652 0
vertex 156.17174079660398 -139.96499245701517 0
endloop
endfacet
facet normal 0 0 -1
outer loop
vertex 157.6799590818621 -141.91802139023704 0
vertex 156.17174079660398 -139.96499245701517 0
vertex 156.5596652821086 -139.86104840439995 0
endloop
endfacet
facet normal 0 0 -1
outer loop
vertex 165.8618244 -157.1372022 0
vertex 169.6765392106345 -152.59100215378612 0
vertex 177.61985921824146 -159.50000559230523 0
endloop
endfacet
facet normal 0 0 -1
outer loop
vertex 165.8618244 -157.1372022 0
vertex 177.61985921824146 -159.50000559230523 0
vertex 163.8791976151722 -159.50000477587847 0
endloop
endfacet
facet normal 0 0 1
outer loop
vertex 146.9283646601103 -159.52584515386962 0
vertex 134.00000159270996 -159.50002151645967 0
vertex 133.99073150000729 -159.50000300000005 0
endloop
endfacet
facet normal 0 0 1
outer loop
vertex 146.9283646601103 -159.52584515386962 0
vertex 133.99073150000729 -159.50000300000005 0
vertex 146.89756809456293 -159.5000037668836 0
endloop
endfacet
facet normal 0 0 -1
outer loop
vertex 68.54465124968799 -157 0
vertex 68.63213991321392 -157 0
vertex 68.15095226382127 -162.5 0
endloop
endfacet
facet normal 0 0 -1
outer loop
vertex 68.54465124968799 -157 0
vertex 68.15095226382127 -162.5 0
vertex 68.06346360029534 -162.5 0
endloop
endfacet
facet normal 0 0 -1
outer loop
vertex 75.37938524157182 -79.1840402866513 0
vertex 75.33971166012044 -79.33210410834606 0
vertex 75.34649462753033 -79.25457443608306 0
endloop
endfacet
facet normal 0 0 -1
outer loop
vertex 74.78557521937306 -80.03208888623796 0
vertex 74.74907546375707 -80.06858864185395 0
vertex 74.75268460533158 -80.05511914212616 0
endloop
endfacet
facet normal 0 0 -1
outer loop
vertex 69.11597757943859 -86 0
vertex 72.7900301609971 -80.75290912898168 0
vertex 73.84729635533395 -80.46961550602441 0
endloop
endfacet
facet normal 0 0 -1
outer loop
vertex 69.11597757943859 -86 0
vertex 73.84729635533395 -80.46961550602441 0
vertex 73.92682377556415 -80.4483061979976 0
endloop
endfacet
facet normal 0 0 -1
outer loop
vertex 69.11597757943859 -86 0
vertex 73.92682377556415 -80.4483061979976 0
vertex 73.89642150234035 -80.51350408332524 0
endloop
endfacet
facet normal 0 0 -1
outer loop
vertex 69.11597757943859 -86 0
vertex 73.89642150234035 -80.51350408332524 0
vertex 73.79867380547336 -80.72312469572039 0
endloop
endfacet
facet normal 0 0 -1
outer loop
vertex 69.11597757943859 -86 0
vertex 73.79867380547336 -80.72312469572039 0
vertex 71.33802643995895 -86 0
endloop
endfacet
facet normal 0 0 -1
outer loop
vertex 43 -143 0
vertex 43 -138 0
vertex 47.09002821590073 -138 0
endloop
endfacet
facet normal 0 0 -1
outer loop
vertex 43 -143 0
vertex 47.09002821590073 -138 0
vertex 44.7584899251259 -143 0
endloop
endfacet
facet normal 0 0 -1
outer loop
vertex 47.182335894388956 -105 0
vertex 52.18233589438897 -100 0
vertex 57 -100 0
endloop
endfacet
facet normal 0 0 -1
outer loop
vertex 47.182335894388956 -105 0
vertex 57 -100 0
vertex 57 -103.30340922980672 0
endloop
endfacet
facet normal 0 0 -1
outer loop
vertex 47.182335894388956 -105 0
vertex 57 -103.30340922980672 0
vertex 55.8120343534536 -105 0
endloop
endfacet
facet normal 0 0 -1
outer loop
vertex 37.5 -82.49999999999994 0
vertex 37.530384493975575 -82.15270364466616 0
vertex 37.62061475842819 -81.8159597133486 0
endloop
endfacet
facet normal 0 0 -1
outer loop
vertex 37.5 -82.49999999999994 0
vertex 37.62061475842819 -81.8159597133486 0
vertex 37.76794919243106 -81.50000000000011 0
endloop
endfacet
facet normal 0 0 -1
outer loop
vertex 37.5 -82.49999999999994 0
vertex 37.76794919243106 -81.50000000000011 0
vertex 37.967911113762085 -81.2144247806269 0
endloop
endfacet
facet normal 0 0 -1
outer loop
vertex 37.5 -82.49999999999994 0
vertex 37.967911113762085 -81.2144247806269 0
vertex 38.21442478062684 -80.96791111376211 0
endloop
endfacet
facet normal 0 0 -1
outer loop
vertex 37.5 -82.49999999999994 0
vertex 38.21442478062684 -80.96791111376211 0
vertex 38.500000000000085 -80.76794919243108 0
endloop
endfacet
facet normal 0 0 -1
outer loop
vertex 37.5 -82.49999999999994 0
vertex 38.500000000000085 -80.76794919243108 0
vertex 38.81595971334869 -80.62061475842818 0
endloop
endfacet
facet normal 0 0 -1
outer loop
vertex 37.5 -82.49999999999994 0
vertex 38.81595971334869 -80.62061475842818 0
vertex 39.15270364466605 -80.5303844939756 0
endloop
endfacet
facet normal 0 0 -1
outer loop
vertex 37.5 -82.49999999999994 0
vertex 39.15270364466605 -80.5303844939756 0
vertex 39.5 -80.5 0
endloop
endfacet
facet normal 0 0 -1
outer loop
vertex 37.5 -82.49999999999994 0
vertex 39.5 -80.5 0
vertex 58.60584608210138 -80.5 0
endloop
endfacet
facet normal 0 0 -1
outer loop
vertex 37.5 -82.49999999999994 0
vertex 58.60584608210138 -80.5 0
vertex 43 -84.68157385490358 0
endloop
endfacet
facet normal 0 0 -1
outer loop
vertex 37.5 -82.49999999999994 0
vertex 43 -84.68157385490358 0
vertex 37.5 -86.15529441327479 0
endloop
endfacet
facet normal 0 0 -1
outer loop
vertex 92.55305434073692 -81 0
vertex 94.37938524157181 -74.18404028665135 0
vertex 94.4696155060244 -73.84729635533394 0
endloop
endfacet
facet normal 0 0 -1
outer loop
vertex 92.55305434073692 -81 0
vertex 94.4696155060244 -73.84729635533394 0
vertex 93.84383502355547 -81 0
endloop
endfacet
facet normal 0 0 -1
outer loop
vertex 92.49999999999991 -75.5 0
vertex 88.99721380509357 -75.80645408280947 0
vertex 89.02402506323061 -75.5 0
endloop
endfacet
facet normal 0 0 -1
outer loop
vertex 110.35208429496498 -72.5 0
vertex 114 -74.2010510295616 0
vertex 114 -78 0
endloop
endfacet
facet normal 0 0 -1
outer loop
vertex 110.35208429496498 -72.5 0
vertex 114 -78 0
vertex 103.81108428402892 -78 0
endloop
endfacet
facet normal 0 0 -1
outer loop
vertex 110.35208429496498 -72.5 0
vertex 103.81108428402892 -78 0
vertex 105.28480484240013 -72.5 0
endloop
endfacet
facet normal 0 0 -1
outer loop
vertex 118.78557521937307 -72.96791111376206 0
vertex 119.03208888623799 -73.21442478062697 0
vertex 119.23205080756891 -73.50000000000003 0
endloop
endfacet
facet normal 0 0 -1
outer loop
vertex 118.78557521937307 -72.96791111376206 0
vertex 119.23205080756891 -73.50000000000003 0
vertex 119.34649462753032 -73.74542556391684 0
endloop
endfacet
facet normal 0 0 -1
outer loop
vertex 118.78557521937307 -72.96791111376206 0
vertex 119.34649462753032 -73.74542556391684 0
vertex 119.5 -75.49999999999987 0
endloop
endfacet
facet normal 0 0 -1
outer loop
vertex 118.78557521937307 -72.96791111376206 0
vertex 119.5 -75.49999999999987 0
vertex 119.5303844939756 -75.84729635533388 0
endloop
endfacet
facet normal 0 0 -1
outer loop
vertex 118.78557521937307 -72.96791111376206 0
vertex 119.5303844939756 -75.84729635533388 0
vertex 118.75268460533164 -72.9448808578739 0
endloop
endfacet
facet normal 0 0 -1
outer loop
vertex 119.37938524157181 -73.81595971334866 0
vertex 119.4696155060244 -74.15270364466612 0
vertex 119.5 -74.50000000000006 0
endloop
endfacet
facet normal 0 0 -1
outer loop
vertex 119.37938524157181 -73.81595971334866 0
vertex 119.5 -74.50000000000006 0
vertex 119.5 -75.49999999999987 0
endloop
endfacet
facet normal 0 0 -1
outer loop
vertex 119.37938524157181 -73.81595971334866 0
vertex 119.5 -75.49999999999987 0
vertex 119.34649462753032 -73.74542556391684 0
endloop
endfacet
facet normal 0 0 -1
outer loop
vertex 114 -92 0
vertex 114 -97 0
vertex 111.37848548527145 -97 0
endloop
endfacet
facet normal 0 0 -1
outer loop
vertex 114 -92 0
vertex 111.37848548527145 -97 0
vertex 113.71002377604628 -92 0
endloop
endfacet
facet normal 0 0 -1
outer loop
vertex 142.1508133848741 -118 0
vertex 138 -120.90643082179072 0
vertex 138 -118 0
endloop
endfacet
facet normal 0 0 -1
outer loop
vertex 133 -116 0
vertex 133 -121 0
vertex 121.18233589439124 -121 0
endloop
endfacet
facet normal 0 0 -1
outer loop
vertex 133 -116 0
vertex 121.18233589439124 -121 0
vertex 126.18233589439153 -116 0
endloop
endfacet
facet normal 0 0 -1
outer loop
vertex 157.5 -124.79487483080536 0
vertex 152 -127.35956695065791 0
vertex 152 -123 0
endloop
endfacet
facet normal 0 0 -1
outer loop
vertex 157.5 -124.79487483080536 0
vertex 152 -123 0
vertex 152 -118 0
endloop
endfacet
facet normal 0 0 -1
outer loop
vertex 157.5 -124.79487483080536 0
vertex 152 -118 0
vertex 152 -111.1035252868544 0
endloop
endfacet
facet normal 0 0 -1
outer loop
vertex 157.5 -124.79487483080536 0
vertex 152 -111.1035252868544 0
vertex 157.5 -107.25238382670085 0
endloop
endfacet
facet normal 0 0 -1
outer loop
vertex 157.5 -137 0
vertex 152 -137 0
vertex 152 -127.35956695065791 0
endloop
endfacet
facet normal 0 0 -1
outer loop
vertex 157.5 -137 0
vertex 152 -127.35956695065791 0
vertex 157.5 -124.79487483080536 0
endloop
endfacet
facet normal 0 0 -1
outer loop
vertex 119 -149 0
vertex 114 -149 0
vertex 114 -145.07925796054832 0
endloop
endfacet
facet normal 0 0 -1
outer loop
vertex 119 -149 0
vertex 114 -145.07925796054832 0
vertex 119 -142.74771966977326 0
endloop
endfacet
facet normal 0 0 -1
outer loop
vertex 155.1372022 -148.1381756000001 0
vertex 150.5238334078745 -153.63617439075998 0
vertex 146.36528766517762 -154 0
endloop
endfacet
facet normal 0 0 -1
outer loop
vertex 155.1372022 -148.1381756000001 0
vertex 146.36528766517762 -154 0
vertex 133 -154 0
endloop
endfacet
facet normal 0 0 -1
outer loop
vertex 155.1372022 -148.1381756000001 0
vertex 133 -154 0
vertex 133 -146.17384169068868 0
endloop
endfacet
facet normal 0 0 -1
outer loop
vertex 155.1372022 -148.1381756000001 0
vertex 133 -146.17384169068868 0
vertex 148.00474412928745 -142.15333261861036 0
endloop
endfacet
facet normal 0 0 -1
outer loop
vertex 157.58066120378052 -141.65116282505156 0
vertex 157.6799590818621 -141.91802139023704 0
vertex 156.5596652821086 -139.86104840439995 0
endloop
endfacet
facet normal 0 0 -1
outer loop
vertex 157.58066120378052 -141.65116282505156 0
vertex 156.5596652821086 -139.86104840439995 0
vertex 156.8823846176722 -139.77457601905377 0
endloop
endfacet
facet normal 0 0 -1
outer loop
vertex 169.6765392106345 -152.59100215378612 0
vertex 165.8618244 -157.1372022 0
vertex 160.63520095016833 -152.75154435806516 0
endloop
endfacet
facet normal 0 0 -1
outer loop
vertex 169.6765392106345 -152.59100215378612 0
vertex 160.63520095016833 -152.75154435806516 0
vertex 169.01792869369018 -152.01815071108263 0
endloop
endfacet
facet normal 0 0 -1
outer loop
vertex 177.7202797755667 -159.58735017557692 0
vertex 163.829188309301 -159.55960354536677 0
vertex 163.8791976151722 -159.50000477587847 0
endloop
endfacet
facet normal 0 0 -1
outer loop
vertex 177.7202797755667 -159.58735017557692 0
vertex 163.8791976151722 -159.50000477587847 0
vertex 177.61985921824146 -159.50000559230523 0
endloop
endfacet
facet normal 0 0 -1
outer loop
vertex 147.0053878012373 -159.590475243666 0
vertex 134.00927299999563 -159.50008599999995 0
vertex 134.00000159270996 -159.50002151645967 0
endloop
endfacet
facet normal 0 0 -1
outer loop
vertex 147.0053878012373 -159.590475243666 0
vertex 134.00000159270996 -159.50002151645967 0
vertex 146.9283646601103 -159.52584515386962 0
endloop
endfacet
facet normal 0 0 -1
outer loop
vertex 186.682734 -167.3827842 0
vertex 186.92235142012348 -167.63056788090213 0
vertex 187.11586552361405 -167.91581786156368 0
endloop
endfacet
facet normal 0 0 -1
outer loop
vertex 186.682734 -167.3827842 0
vertex 187.11586552361405 -167.91581786156368 0
vertex 187.25752620335612 -168.23005902935145 0
endloop
endfacet
facet normal 0 0 -1
outer loop
vertex 186.682734 -167.3827842 0
vertex 187.25752620335612 -168.23005902935145 0
vertex 187.34312559673543 -168.5639572227734 0
endloop
endfacet
facet normal 0 0 -1
outer loop
vertex 186.682734 -167.3827842 0
vertex 187.34312559673543 -168.5639572227734 0
vertex 187.37012107521315 -168.90759439168724 0
endloop
endfacet
facet normal 0 0 -1
outer loop
vertex 186.682734 -167.3827842 0
vertex 187.37012107521315 -168.90759439168724 0
vertex 187.33771077009254 -169.250763201225 0
endloop
endfacet
facet normal 0 0 -1
outer loop
vertex 186.682734 -167.3827842 0
vertex 187.33771077009254 -169.250763201225 0
vertex 187.2468573910788 -169.58327022857816 0
endloop
endfacet
facet normal 0 0 -1
outer loop
vertex 186.682734 -167.3827842 0
vertex 187.2468573910788 -169.58327022857816 0
vertex 187.10025963012794 -169.89523874654347 0
endloop
endfacet
facet normal 0 0 -1
outer loop
vertex 186.682734 -167.3827842 0
vertex 187.10025963012794 -169.89523874654347 0
vertex 186.90227200000012 -170.17740209999988 0
endloop
endfacet
facet normal 0 0 -1
outer loop
vertex 186.682734 -167.3827842 0
vertex 186.90227200000012 -170.17740209999988 0
vertex 184.62991120726616 -172.8854970359427 0
endloop
endfacet
facet normal 0 0 -1
outer loop
vertex 186.682734 -167.3827842 0
vertex 184.62991120726616 -172.8854970359427 0
vertex 180.41666877073087 -169.35016683488166 0
endloop
endfacet
facet normal 0 0 -1
outer loop
vertex 186.682734 -167.3827842 0
vertex 180.41666877073087 -169.35016683488166 0
vertex 172.252957896593 -162.5 0
endloop
endfacet
facet normal 0 0 -1
outer loop
vertex 186.682734 -167.3827842 0
vertex 172.252957896593 -162.5 0
vertex 175.54631171338707 -162.5 0
endloop
endfacet
facet normal 0 0 -1
outer loop
vertex 186.682734 -167.3827842 0
vertex 175.54631171338707 -162.5 0
vertex 181.06896961649286 -162.5 0
endloop
endfacet
facet normal 0 0 -1
outer loop
vertex 81 -143 0
vertex 76 -143 0
vertex 75.5 -143 0
endloop
endfacet
facet normal 0 0 -1
outer loop
vertex 81 -143 0
vertex 75.5 -143 0
vertex 75.5 -138 0
endloop
endfacet
facet normal 0 0 -1
outer loop
vertex 81 -143 0
vertex 75.5 -138 0
vertex 76 -138 0
endloop
endfacet
facet normal 0 0 -1
outer loop
vertex 81 -143 0
vertex 76 -138 0
vertex 81 -138 0
endloop
endfacet
facet normal 0 0 -1
outer loop
vertex 76 -157 0
vertex 76 -152 0
vertex 81 -152 0
endloop
endfacet
facet normal 0 0 -1
outer loop
vertex 76 -157 0
vertex 81 -152 0
vertex 81.5 -152 0
endloop
endfacet
facet normal 0 0 -1
outer loop
vertex 76 -157 0
vertex 81.5 -152 0
vertex 81.5 -157 0
endloop
endfacet
facet normal 0 0 -1
outer loop
vertex 69.85698120257705 -143 0
vertex 70.29442452020673 -138 0
vertex 75.5 -138 0
endloop
endfacet
facet normal 0 0 -1
outer loop
vertex 69.85698120257705 -143 0
vertex 75.5 -138 0
vertex 75.5 -143 0
endloop
endfacet
facet normal 0 0 -1
outer loop
vertex 62 -143 0
vertex 57.88665461179061 -143 0
vertex 59.22640057394626 -138 0
endloop
endfacet
facet normal 0 0 -1
outer loop
vertex 62 -143 0
vertex 59.22640057394626 -138 0
vertex 62 -138 0
endloop
endfacet
facet normal 0 0 -1
outer loop
vertex 62 -143 0
vertex 62 -138 0
vertex 70.2069358566808 -138 0
endloop
endfacet
facet normal 0 0 -1
outer loop
vertex 62 -143 0
vertex 70.2069358566808 -138 0
vertex 69.76949253905111 -143 0
endloop
endfacet
facet normal 0 0 -1
outer loop
vertex 62 -157 0
vertex 57 -157 0
vertex 57 -146.30904005996774 0
endloop
endfacet
facet normal 0 0 -1
outer loop
vertex 62 -157 0
vertex 57 -146.30904005996774 0
vertex 57.88665461179061 -143 0
endloop
endfacet
facet normal 0 0 -1
outer loop
vertex 62 -157 0
vertex 57.88665461179061 -143 0
vertex 62 -143 0
endloop
endfacet
facet normal 0 0 -1
outer loop
vertex 62 -124 0
vertex 57 -124 0
vertex 57 -119 0
endloop
endfacet
facet normal 0 0 -1
outer loop
vertex 62 -124 0
vertex 57 -119 0
vertex 62 -119 0
endloop
endfacet
facet normal 0 0 -1
outer loop
vertex 62 -124 0
vertex 62 -119 0
vertex 64.31743523013773 -119 0
endloop
endfacet
facet normal 0 0 -1
outer loop
vertex 62 -124 0
vertex 64.31743523013773 -119 0
vertex 62.97768926798208 -124 0
endloop
endfacet
facet normal 0 0 -1
outer loop
vertex 57 -143 0
vertex 57 -138 0
vertex 57 -124 0
endloop
endfacet
facet normal 0 0 -1
outer loop
vertex 57 -143 0
vertex 57 -124 0
vertex 62 -124 0
endloop
endfacet
facet normal 0 0 -1
outer loop
vertex 57 -143 0
vertex 62 -124 0
vertex 62 -127.64878602212384 0
endloop
endfacet
facet normal 0 0 -1
outer loop
vertex 57 -143 0
vertex 62 -127.64878602212384 0
vertex 59.22640057394626 -138 0
endloop
endfacet
facet normal 0 0 -1
outer loop
vertex 57 -143 0
vertex 59.22640057394626 -138 0
vertex 57.88665461179061 -143 0
endloop
endfacet
facet normal 0 0 -1
outer loop
vertex 57 -143 0
vertex 57.88665461179061 -143 0
vertex 57 -146.30904005996774 0
endloop
endfacet
facet normal 0 0 -1
outer loop
vertex 44.7584899251259 -143 0
vertex 47.09002821590073 -138 0
vertex 57 -138 0
endloop
endfacet
facet normal 0 0 -1
outer loop
vertex 44.7584899251259 -143 0
vertex 57 -138 0
vertex 57 -143 0
endloop
endfacet
facet normal 0 0 -1
outer loop
vertex 43 -157 0
vertex 38.2301827109564 -157 0
vertex 43 -146.7710938140791 0
endloop
endfacet
facet normal 0 0 -1
outer loop
vertex 62 -100 0
vertex 59.31307204450228 -100 0
vertex 62 -96.16266919609642 0
endloop
endfacet
facet normal 0 0 -1
outer loop
vertex 119 -135 0
vertex 119 -140 0
vertex 114 -140 0
endloop
endfacet
facet normal 0 0 -1
outer loop
vertex 119 -135 0
vertex 114 -140 0
vertex 114 -137.7114117388244 0
endloop
endfacet
facet normal 0 0 -1
outer loop
vertex 119 -135 0
vertex 114 -137.7114117388244 0
vertex 119 -134.21037404777573 0
endloop
endfacet
facet normal 0 0 -1
outer loop
vertex 119 -140 0
vertex 119 -142.74771966977326 0
vertex 114 -145.07925796054832 0
endloop
endfacet
facet normal 0 0 -1
outer loop
vertex 119 -140 0
vertex 114 -145.07925796054832 0
vertex 114 -140 0
endloop
endfacet
facet normal 0 0 -1
outer loop
vertex 138 -137 0
vertex 133 -137 0
vertex 133 -136.2194124556031 0
endloop
endfacet
facet normal 0 0 -1
outer loop
vertex 138 -137 0
vertex 133 -136.2194124556031 0
vertex 138 -133.88787416482805 0
endloop
endfacet
facet normal 0 0 -1
outer loop
vertex 119 -154 0
vertex 103.79237956157358 -154 0
vertex 119 -149.9251303847245 0
endloop
endfacet
facet normal 0 0 -1
outer loop
vertex 157.52026513277397 -141.37290776757573 0
vertex 157.58066120378052 -141.65116282505156 0
vertex 156.8823846176722 -139.77457601905377 0
endloop
endfacet
facet normal 0 0 -1
outer loop
vertex 157.52026513277397 -141.37290776757573 0
vertex 156.8823846176722 -139.77457601905377 0
vertex 157.15735077095735 -139.70089906033513 0
endloop
endfacet
facet normal 0 0 -1
outer loop
vertex 146.1381756 -158.86279780000004 0
vertex 140.91155222934802 -154.47714002450476 0
vertex 146.36528766517762 -154 0
endloop
endfacet
facet normal 0 0 -1
outer loop
vertex 146.1381756 -158.86279780000004 0
vertex 146.36528766517762 -154 0
vertex 150.5238334078745 -153.63617439075998 0
endloop
endfacet
facet normal 0 0 -1
outer loop
vertex 177.97148735289682 -159.80584748072056 0
vertex 163.7058198286694 -159.70662837427017 0
vertex 163.829188309301 -159.55960354536677 0
endloop
endfacet
facet normal 0 0 -1
outer loop
vertex 177.97148735289682 -159.80584748072056 0
vertex 163.829188309301 -159.55960354536677 0
vertex 177.7202797755667 -159.58735017557692 0
endloop
endfacet
facet normal 0 0 1
outer loop
vertex 147.04172737570815 -159.6209677674302 0
vertex 137.6721660499996 -159.53406094999997 0
vertex 134.00927299999563 -159.50008599999995 0
endloop
endfacet
facet normal 0 0 1
outer loop
vertex 147.04172737570815 -159.6209677674302 0
vertex 134.00927299999563 -159.50008599999995 0
vertex 147.0053878012373 -159.590475243666 0
endloop
endfacet
facet normal 0 0 -1
outer loop
vertex 180.41666877073087 -169.35016683488166 0
vertex 184.62991120726616 -172.8854970359427 0
vertex 182.82280681564762 -175.03912082108738 0
endloop
endfacet
facet normal 0 0 -1
outer loop
vertex 180.41666877073087 -169.35016683488166 0
vertex 182.82280681564762 -175.03912082108738 0
vertex 176.13409899440487 -174.45393471309134 0
endloop
endfacet
facet normal 0 0 -1
outer loop
vertex 81 -152 0
vertex 76 -152 0
vertex 76 -143 0
endloop
endfacet
facet normal 0 0 -1
outer loop
vertex 81 -152 0
vertex 76 -143 0
vertex 81 -143 0
endloop
endfacet
facet normal 0 0 -1
outer loop
vertex 69.76949253905111 -143 0
vertex 70.2069358566808 -138 0
vertex 70.29442452020673 -138 0
endloop
endfacet
facet normal 0 0 -1
outer loop
vertex 69.76949253905111 -143 0
vertex 70.29442452020673 -138 0
vertex 69.85698120257705 -143 0
endloop
endfacet
facet normal 0 0 -1
outer loop
vertex 43 -124 0
vertex 43 -123.29748132419556 0
vertex 46.0091288185173 -119 0
endloop
endfacet
facet normal 0 0 -1
outer loop
vertex 43 -124 0
vertex 46.0091288185173 -119 0
vertex 55.94987372084509 -119 0
endloop
endfacet
facet normal 0 0 -1
outer loop
vertex 43 -124 0
vertex 55.94987372084509 -119 0
vertex 53.61833543007026 -124 0
endloop
endfacet
facet normal 0 0 -1
outer loop
vertex 152 -99 0
vertex 152 -104 0
vertex 138.18233589439222 -104 0
endloop
endfacet
facet normal 0 0 -1
outer loop
vertex 152 -99 0
vertex 138.18233589439222 -104 0
vertex 143.1823358943925 -99 0
endloop
endfacet
facet normal 0 0 -1
outer loop
vertex 152 -118 0
vertex 152 -123 0
vertex 138 -123 0
endloop
endfacet
facet normal 0 0 -1
outer loop
vertex 152 -118 0
vertex 138 -123 0
vertex 135.0100733511638 -123 0
endloop
endfacet
facet normal 0 0 -1
outer loop
vertex 152 -118 0
vertex 135.0100733511638 -123 0
vertex 138 -120.90643082179072 0
endloop
endfacet
facet normal 0 0 -1
outer loop
vertex 152 -118 0
vertex 138 -120.90643082179072 0
vertex 142.1508133848741 -118 0
endloop
endfacet
facet normal 0 0 -1
outer loop
vertex 138 -123 0
vertex 138 -133.88787416482805 0
vertex 133 -136.2194124556031 0
endloop
endfacet
facet normal 0 0 -1
outer loop
vertex 138 -123 0
vertex 133 -136.2194124556031 0
vertex 133 -135 0
endloop
endfacet
facet normal 0 0 -1
outer loop
vertex 138 -123 0
vertex 133 -135 0
vertex 133 -124.4074685128394 0
endloop
endfacet
facet normal 0 0 -1
outer loop
vertex 138 -123 0
vertex 133 -124.4074685128394 0
vertex 135.0100733511638 -123 0
endloop
endfacet
facet normal 0 0 -1
outer loop
vertex 133 -135 0
vertex 133 -136.2194124556031 0
vertex 124.89250384744884 -140 0
endloop
endfacet
facet normal 0 0 -1
outer loop
vertex 133 -135 0
vertex 124.89250384744884 -140 0
vertex 119 -140 0
endloop
endfacet
facet normal 0 0 -1
outer loop
vertex 133 -135 0
vertex 119 -140 0
vertex 119 -135 0
endloop
endfacet
facet normal 0 0 -1
outer loop
vertex 157.5 -141.08889200000004 0
vertex 157.52026513277397 -141.37290776757573 0
vertex 157.15735077095735 -139.70089906033513 0
endloop
endfacet
facet normal 0 0 -1
outer loop
vertex 157.5 -141.08889200000004 0
vertex 157.15735077095735 -139.70089906033513 0
vertex 157.39639353519527 -139.63684774470107 0
endloop
endfacet
facet normal 0 0 -1
outer loop
vertex 178.09003004924858 -159.9089544808064 0
vertex 169.06531049751476 -159.82524622305803 0
vertex 163.64844718780859 -159.77500242462006 0
endloop
endfacet
facet normal 0 0 -1
outer loop
vertex 178.09003004924858 -159.9089544808064 0
vertex 163.64844718780859 -159.77500242462006 0
vertex 163.7058198286694 -159.70662837427017 0
endloop
endfacet
facet normal 0 0 -1
outer loop
vertex 178.09003004924858 -159.9089544808064 0
vertex 163.7058198286694 -159.70662837427017 0
vertex 177.97148735289682 -159.80584748072056 0
endloop
endfacet
facet normal 0 0 -1
outer loop
vertex 147.89193282743932 -160.33437485375103 0
vertex 137.94665301397106 -159.555556130707 0
vertex 137.6721660499996 -159.53406094999997 0
endloop
endfacet
facet normal 0 0 -1
outer loop
vertex 147.89193282743932 -160.33437485375103 0
vertex 137.6721660499996 -159.53406094999997 0
vertex 147.04172737570815 -159.6209677674302 0
endloop
endfacet
facet normal 0 0 -1
outer loop
vertex 150.15509226066422 -162.23339111370206 0
vertex 138.21558695060216 -159.6145448916021 0
vertex 137.94665301397106 -159.555556130707 0
endloop
endfacet
facet normal 0 0 -1
outer loop
vertex 150.15509226066422 -162.23339111370206 0
vertex 137.94665301397106 -159.555556130707 0
vertex 147.89193282743932 -160.33437485375103 0
endloop
endfacet
facet normal 0 0 -1
outer loop
vertex 160.69301997073083 -171.07576243488165 0
vertex 156.8627978 -167.8618244 0
vertex 161.36190271020644 -162.5 0
endloop
endfacet
facet normal 0 0 -1
outer loop
vertex 160.69301997073083 -171.07576243488165 0
vertex 161.36190271020644 -162.5 0
vertex 167.8889391208507 -162.5 0
endloop
endfacet
facet normal 0 0 -1
outer loop
vertex 81 -124 0
vertex 76 -124 0
vertex 75.5 -124 0
endloop
endfacet
facet normal 0 0 -1
outer loop
vertex 81 -124 0
vertex 75.5 -124 0
vertex 75.5 -119 0
endloop
endfacet
facet normal 0 0 -1
outer loop
vertex 81 -124 0
vertex 75.5 -119 0
vertex 76 -119 0
endloop
endfacet
facet normal 0 0 -1
outer loop
vertex 81 -124 0
vertex 76 -119 0
vertex 81 -119 0
endloop
endfacet
facet normal 0 0 -1
outer loop
vertex 81 -133 0
vertex 81 -138 0
vertex 76 -138 0
endloop
endfacet
facet normal 0 0 -1
outer loop
vertex 81 -133 0
vertex 76 -138 0
vertex 76 -124 0
endloop
endfacet
facet normal 0 0 -1
outer loop
vertex 81 -133 0
vertex 76 -124 0
vertex 81 -124 0
endloop
endfacet
facet normal 0 0 -1
outer loop
vertex 71.51926580956986 -124 0
vertex 71.95670912719955 -119 0
vertex 75.5 -119 0
endloop
endfacet
facet normal 0 0 -1
outer loop
vertex 71.51926580956986 -124 0
vertex 75.5 -119 0
vertex 75.5 -124 0
endloop
endfacet
facet normal 0 0 -1
outer loop
vertex 62.97768926798208 -124 0
vertex 64.31743523013773 -119 0
vertex 71.86922046367361 -119 0
endloop
endfacet
facet normal 0 0 -1
outer loop
vertex 62.97768926798208 -124 0
vertex 71.86922046367361 -119 0
vertex 71.43177714604393 -124 0
endloop
endfacet
facet normal 0 0 -1
outer loop
vertex 62 -138 0
vertex 59.22640057394626 -138 0
vertex 62 -127.64878602212384 0
endloop
endfacet
facet normal 0 0 -1
outer loop
vertex 62.47818093501461 -105 0
vertex 64.80971922578944 -100 0
vertex 69.4084698863292 -100 0
endloop
endfacet
facet normal 0 0 -1
outer loop
vertex 62.47818093501461 -105 0
vertex 69.4084698863292 -100 0
vertex 68.06872392417355 -105 0
endloop
endfacet
facet normal 0 0 -1
outer loop
vertex 62 -119 0
vertex 57 -119 0
vertex 57 -116.74799692694319 0
endloop
endfacet
facet normal 0 0 -1
outer loop
vertex 62 -119 0
vertex 57 -116.74799692694319 0
vertex 62 -106.02546232439464 0
endloop
endfacet
facet normal 0 0 -1
outer loop
vertex 53.61833543007026 -124 0
vertex 55.94987372084509 -119 0
vertex 57 -119 0
endloop
endfacet
facet normal 0 0 -1
outer loop
vertex 53.61833543007026 -124 0
vertex 57 -119 0
vertex 57 -124 0
endloop
endfacet
facet normal 0 0 -1
outer loop
vertex 55.8120343534536 -105 0
vertex 57 -103.30340922980672 0
vertex 57 -105 0
endloop
endfacet
facet normal 0 0 1
outer loop
vertex 90.18233589438947 -152 0
vertex 82.21442478062706 -159.96791111376194 0
vertex 81.96791111376189 -160.2144247806271 0
endloop
endfacet
facet normal 0 0 1
outer loop
vertex 90.18233589438947 -152 0
vertex 81.96791111376189 -160.2144247806271 0
vertex 87.71971326721385 -152 0
endloop
endfacet
facet normal 0 0 -1
outer loop
vertex 157.5 -141.08889200000004 0
vertex 157.39639353519527 -139.63684774470107 0
vertex 157.5 -139.609086476126 0
endloop
endfacet
facet normal 0 0 -1
outer loop
vertex 138.47387121647012 -159.7099093199219 0
vertex 138.21558695060216 -159.6145448916021 0
vertex 150.15509226066422 -162.23339111370206 0
endloop
endfacet
facet normal 0 0 -1
outer loop
vertex 138.47387121647012 -159.7099093199219 0
vertex 150.15509226066422 -162.23339111370206 0
vertex 150.47282435634537 -162.5 0
endloop
endfacet
facet normal 0 0 -1
outer loop
vertex 138.47387121647012 -159.7099093199219 0
vertex 150.47282435634537 -162.5 0
vertex 146.03053081906634 -162.5 0
endloop
endfacet
facet normal 0 0 -1
outer loop
vertex 138.71661099308804 -159.83984213729752 0
vertex 138.47387121647012 -159.7099093199219 0
vertex 146.03053081906634 -162.5 0
endloop
endfacet
facet normal 0 0 -1
outer loop
vertex 138.71661099308804 -159.83984213729752 0
vertex 146.03053081906634 -162.5 0
vertex 143.68630331873138 -162.5 0
endloop
endfacet
facet normal 0 0 -1
outer loop
vertex 81 -138 0
vertex 81 -133 0
vertex 81.5 -133 0
endloop
endfacet
facet normal 0 0 -1
outer loop
vertex 81 -138 0
vertex 81.5 -133 0
vertex 81.5 -138 0
endloop
endfacet
facet normal 0 0 -1
outer loop
vertex 71.43177714604393 -124 0
vertex 71.86922046367361 -119 0
vertex 71.95670912719955 -119 0
endloop
endfacet
facet normal 0 0 -1
outer loop
vertex 71.43177714604393 -124 0
vertex 71.95670912719955 -119 0
vertex 71.51926580956986 -124 0
endloop
endfacet
facet normal 0 0 -1
outer loop
vertex 71.33802643995895 -86 0
vertex 73.79867380547336 -80.72312469572039 0
vertex 74.50000000000011 -80.23205080756881 0
endloop
endfacet
facet normal 0 0 -1
outer loop
vertex 71.33802643995895 -86 0
vertex 74.50000000000011 -80.23205080756881 0
vertex 74.75268460533158 -80.05511914212616 0
endloop
endfacet
facet normal 0 0 -1
outer loop
vertex 71.33802643995895 -86 0
vertex 74.75268460533158 -80.05511914212616 0
vertex 74.74907546375707 -80.06858864185395 0
endloop
endfacet
facet normal 0 0 -1
outer loop
vertex 71.33802643995895 -86 0
vertex 74.74907546375707 -80.06858864185395 0
vertex 74.69648139048584 -80.26487239547917 0
endloop
endfacet
facet normal 0 0 -1
outer loop
vertex 71.33802643995895 -86 0
vertex 74.69648139048584 -80.26487239547917 0
vertex 74.45481252766186 -81.16679287014564 0
endloop
endfacet
facet normal 0 0 -1
outer loop
vertex 71.33802643995895 -86 0
vertex 74.45481252766186 -81.16679287014564 0
vertex 73.15975858036501 -86 0
endloop
endfacet
facet normal 0 0 -1
outer loop
vertex 181.06896961649286 -162.5 0
vertex 175.54631171338707 -162.5 0
vertex 171.91396281200747 -162.2155493474209 0
endloop
endfacet
facet normal 0 0 -1
outer loop
vertex 181.06896961649286 -162.5 0
vertex 171.91396281200747 -162.2155493474209 0
vertex 169.6920465707308 -160.35114023488168 0
endloop
endfacet
facet normal 0 0 -1
outer loop
vertex 181.06896961649286 -162.5 0
vertex 169.6920465707308 -160.35114023488168 0
vertex 169.06531049751476 -159.82524622305803 0
endloop
endfacet
facet normal 0 0 -1
outer loop
vertex 181.06896961649286 -162.5 0
vertex 169.06531049751476 -159.82524622305803 0
vertex 178.09003004924858 -159.9089544808064 0
endloop
endfacet
facet normal 0 0 -1
outer loop
vertex 171.91396281200747 -162.2155493474209 0
vertex 175.54631171338707 -162.5 0
vertex 172.252957896593 -162.5 0
endloop
endfacet
facet normal 0 0 -1
outer loop
vertex 138.9392020999997 -160.00188189999977 0
vertex 138.71661099308804 -159.83984213729752 0
vertex 143.68630331873138 -162.5 0
endloop
endfacet
facet normal 0 0 -1
outer loop
vertex 138.9392020999997 -160.00188189999977 0
vertex 143.68630331873138 -162.5 0
vertex 142.3708219925623 -162.5 0
endloop
endfacet
facet normal 0 0 -1
outer loop
vertex 81 -105 0
vertex 76 -105 0
vertex 75.5 -105 0
endloop
endfacet
facet normal 0 0 -1
outer loop
vertex 81 -105 0
vertex 75.5 -105 0
vertex 75.5 -100 0
endloop
endfacet
facet normal 0 0 -1
outer loop
vertex 81 -105 0
vertex 75.5 -100 0
vertex 76 -100 0
endloop
endfacet
facet normal 0 0 -1
outer loop
vertex 81 -105 0
vertex 76 -100 0
vertex 81 -100 0
endloop
endfacet
facet normal 0 0 -1
outer loop
vertex 81 -114 0
vertex 81 -119 0
vertex 76 -119 0
endloop
endfacet
facet normal 0 0 -1
outer loop
vertex 81 -114 0
vertex 76 -119 0
vertex 76 -105 0
endloop
endfacet
facet normal 0 0 -1
outer loop
vertex 81 -114 0
vertex 76 -105 0
vertex 81 -105 0
endloop
endfacet
facet normal 0 0 -1
outer loop
vertex 73.18155041656266 -105 0
vertex 73.61899373419234 -100 0
vertex 75.5 -100 0
endloop
endfacet
facet normal 0 0 -1
outer loop
vertex 73.18155041656266 -105 0
vertex 75.5 -100 0
vertex 75.5 -105 0
endloop
endfacet
facet normal 0 0 -1
outer loop
vertex 68.06872392417355 -105 0
vertex 69.4084698863292 -100 0
vertex 73.53150507066643 -100 0
endloop
endfacet
facet normal 0 0 -1
outer loop
vertex 68.06872392417355 -105 0
vertex 73.53150507066643 -100 0
vertex 73.09406175303674 -105 0
endloop
endfacet
facet normal 0 0 -1
outer loop
vertex 169.6920465707308 -160.35114023488168 0
vertex 168.36108212598072 -161.9373218816364 0
vertex 162.2364937545658 -161.45770298864798 0
endloop
endfacet
facet normal 0 0 -1
outer loop
vertex 169.6920465707308 -160.35114023488168 0
vertex 162.2364937545658 -161.45770298864798 0
vertex 163.64844718780859 -159.77500242462006 0
endloop
endfacet
facet normal 0 0 -1
outer loop
vertex 169.6920465707308 -160.35114023488168 0
vertex 163.64844718780859 -159.77500242462006 0
vertex 169.06531049751476 -159.82524622305803 0
endloop
endfacet
facet normal 0 0 -1
outer loop
vertex 162.2364937545658 -161.45770298864798 0
vertex 168.36108212598072 -161.9373218816364 0
vertex 167.8889391208507 -162.5 0
endloop
endfacet
facet normal 0 0 -1
outer loop
vertex 162.2364937545658 -161.45770298864798 0
vertex 167.8889391208507 -162.5 0
vertex 161.36190271020644 -162.5 0
endloop
endfacet
facet normal 0 0 -1
outer loop
vertex 138.9392020999997 -160.00188189999977 0
vertex 142.3708219925623 -162.5 0
vertex 141.91634334633204 -162.5 0
endloop
endfacet
facet normal 0 0 -1
outer loop
vertex 81 -81 0
vertex 81 -86 0
vertex 76 -86 0
endloop
endfacet
facet normal 0 0 -1
outer loop
vertex 81 -81 0
vertex 76 -86 0
vertex 75.5 -86 0
endloop
endfacet
facet normal 0 0 -1
outer loop
vertex 81 -81 0
vertex 75.5 -86 0
vertex 75.5 -78.49999999999997 0
endloop
endfacet
facet normal 0 0 -1
outer loop
vertex 81 -81 0
vertex 75.5 -78.49999999999997 0
vertex 75.5 -77.50000000000023 0
endloop
endfacet
facet normal 0 0 -1
outer loop
vertex 81 -81 0
vertex 75.5 -77.50000000000023 0
vertex 75.53038449397562 -77.15270364466603 0
endloop
endfacet
facet normal 0 0 -1
outer loop
vertex 81 -81 0
vertex 75.53038449397562 -77.15270364466603 0
vertex 75.62061475842818 -76.81595971334872 0
endloop
endfacet
facet normal 0 0 -1
outer loop
vertex 81 -81 0
vertex 75.62061475842818 -76.81595971334872 0
vertex 75.76794919243123 -76.49999999999979 0
endloop
endfacet
facet normal 0 0 -1
outer loop
vertex 81 -81 0
vertex 75.76794919243123 -76.49999999999979 0
vertex 75.96791111376191 -76.21442478062707 0
endloop
endfacet
facet normal 0 0 -1
outer loop
vertex 81 -81 0
vertex 75.96791111376191 -76.21442478062707 0
vertex 76.21442478062693 -75.96791111376206 0
endloop
endfacet
facet normal 0 0 -1
outer loop
vertex 81 -81 0
vertex 76.21442478062693 -75.96791111376206 0
vertex 76.50000000000001 -75.76794919243112 0
endloop
endfacet
facet normal 0 0 -1
outer loop
vertex 81 -81 0
vertex 76.50000000000001 -75.76794919243112 0
vertex 76.81595971334873 -75.62061475842816 0
endloop
endfacet
facet normal 0 0 -1
outer loop
vertex 81 -81 0
vertex 76.81595971334873 -75.62061475842816 0
vertex 77.1527036446661 -75.53038449397559 0
endloop
endfacet
facet normal 0 0 -1
outer loop
vertex 81 -81 0
vertex 77.1527036446661 -75.53038449397559 0
vertex 77.49999999999996 -75.5 0
endloop
endfacet
facet normal 0 0 -1
outer loop
vertex 81 -81 0
vertex 77.49999999999996 -75.5 0
vertex 81 -75.5 0
endloop
endfacet
facet normal 0 0 -1
outer loop
vertex 81 -119 0
vertex 81 -114 0
vertex 81.5 -114 0
endloop
endfacet
facet normal 0 0 -1
outer loop
vertex 81 -119 0
vertex 81.5 -114 0
vertex 81.5 -119 0
endloop
endfacet
facet normal 0 0 1
outer loop
vertex 74.84383502355547 -86 0
vertex 75.46961550602441 -78.8472963553339 0
vertex 75.5 -78.49999999999997 0
endloop
endfacet
facet normal 0 0 1
outer loop
vertex 74.84383502355547 -86 0
vertex 75.5 -78.49999999999997 0
vertex 75.5 -86 0
endloop
endfacet
facet normal 0 0 -1
outer loop
vertex 73.09406175303674 -105 0
vertex 73.53150507066643 -100 0
vertex 73.61899373419234 -100 0
endloop
endfacet
facet normal 0 0 -1
outer loop
vertex 73.09406175303674 -105 0
vertex 73.61899373419234 -100 0
vertex 73.18155041656266 -105 0
endloop
endfacet
facet normal 0 0 -1
outer loop
vertex 73.15975858036501 -86 0
vertex 74.45481252766186 -81.16679287014564 0
vertex 75.23205080756881 -79.50000000000011 0
endloop
endfacet
facet normal 0 0 -1
outer loop
vertex 73.15975858036501 -86 0
vertex 75.23205080756881 -79.50000000000011 0
vertex 75.34649462753033 -79.25457443608306 0
endloop
endfacet
facet normal 0 0 -1
outer loop
vertex 73.15975858036501 -86 0
vertex 75.34649462753033 -79.25457443608306 0
vertex 75.33971166012044 -79.33210410834606 0
endloop
endfacet
facet normal 0 0 -1
outer loop
vertex 73.15975858036501 -86 0
vertex 75.33971166012044 -79.33210410834606 0
vertex 74.75634636002955 -86 0
endloop
endfacet
facet normal 0 0 -1
outer loop
vertex 81 -81 0
vertex 81 -75.5 0
vertex 81.5 -75.5 0
endloop
endfacet
facet normal 0 0 -1
outer loop
vertex 81 -81 0
vertex 81.5 -75.5 0
vertex 81.5 -81 0
endloop
endfacet
facet normal 0 0 -1
outer loop
vertex 81 -95 0
vertex 81 -100 0
vertex 76 -100 0
endloop
endfacet
facet normal 0 0 -1
outer loop
vertex 81 -95 0
vertex 76 -100 0
vertex 76 -86 0
endloop
endfacet
facet normal 0 0 -1
outer loop
vertex 81 -95 0
vertex 76 -86 0
vertex 81 -86 0
endloop
endfacet
facet normal 0 0 -1
outer loop
vertex 74.75634636002955 -86 0
vertex 75.33971166012044 -79.33210410834606 0
vertex 75.37938524157182 -79.1840402866513 0
endloop
endfacet
facet normal 0 0 -1
outer loop
vertex 74.75634636002955 -86 0
vertex 75.37938524157182 -79.1840402866513 0
vertex 75.46961550602441 -78.8472963553339 0
endloop
endfacet
facet normal 0 0 -1
outer loop
vertex 74.75634636002955 -86 0
vertex 75.46961550602441 -78.8472963553339 0
vertex 74.84383502355547 -86 0
endloop
endfacet
facet normal 0 0 -1
outer loop
vertex 152 -85 0
vertex 152 -77.5 0
vertex 155.49999999999986 -77.5 0
endloop
endfacet
facet normal 0 0 -1
outer loop
vertex 152 -85 0
vertex 155.49999999999986 -77.5 0
vertex 155.8472963553339 -77.5303844939756 0
endloop
endfacet
facet normal 0 0 -1
outer loop
vertex 152 -85 0
vertex 155.8472963553339 -77.5303844939756 0
vertex 156.18404028665137 -77.6206147584282 0
endloop
endfacet
facet normal 0 0 -1
outer loop
vertex 152 -85 0
vertex 156.18404028665137 -77.6206147584282 0
vertex 156.50000000000003 -77.76794919243113 0
endloop
endfacet
facet normal 0 0 -1
outer loop
vertex 152 -85 0
vertex 156.50000000000003 -77.76794919243113 0
vertex 156.78557521937307 -77.96791111376204 0
endloop
endfacet
facet normal 0 0 -1
outer loop
vertex 152 -85 0
vertex 156.78557521937307 -77.96791111376204 0
vertex 157.0320888862379 -78.21442478062687 0
endloop
endfacet
facet normal 0 0 -1
outer loop
vertex 152 -85 0
vertex 157.0320888862379 -78.21442478062687 0
vertex 157.23205080756898 -78.5000000000002 0
endloop
endfacet
facet normal 0 0 -1
outer loop
vertex 152 -85 0
vertex 157.23205080756898 -78.5000000000002 0
vertex 157.37938524157175 -78.81595971334846 0
endloop
endfacet
facet normal 0 0 -1
outer loop
vertex 152 -85 0
vertex 157.37938524157175 -78.81595971334846 0
vertex 157.4696155060244 -79.15270364466615 0
endloop
endfacet
facet normal 0 0 -1
outer loop
vertex 152 -85 0
vertex 157.4696155060244 -79.15270364466615 0
vertex 157.5 -79.5 0
endloop
endfacet
facet normal 0 0 -1
outer loop
vertex 152 -85 0
vertex 157.5 -79.5 0
vertex 157.5 -84.68233589439335 0
endloop
endfacet
facet normal 0 0 -1
outer loop
vertex 152 -85 0
vertex 157.5 -84.68233589439335 0
vertex 152 -90.18233589439303 0
endloop
endfacet
facet normal 0 0 -1
outer loop
vertex 119 -116 0
vertex 119 -121 0
vertex 119 -123.18233589439112 0
endloop
endfacet
facet normal 0 0 -1
outer loop
vertex 119 -116 0
vertex 119 -123.18233589439112 0
vertex 114 -128.18233589439083 0
endloop
endfacet
facet normal 0 0 -1
outer loop
vertex 119 -116 0
vertex 114 -128.18233589439083 0
vertex 114 -116 0
endloop
endfacet
facet normal 0 0 -1
outer loop
vertex 119 -116 0
vertex 114 -116 0
vertex 114 -114.46786088596167 0
endloop
endfacet
facet normal 0 0 -1
outer loop
vertex 119 -116 0
vertex 114 -114.46786088596167 0
vertex 119 -107.32712085225137 0
endloop
endfacet
facet normal 0 0 -1
outer loop
vertex 112.18233589439073 -130 0
vertex 107.18233589439045 -135 0
vertex 100 -135 0
endloop
endfacet
facet normal 0 0 -1
outer loop
vertex 112.18233589439073 -130 0
vertex 100 -135 0
vertex 99.62324141677938 -135 0
endloop
endfacet
facet normal 0 0 -1
outer loop
vertex 112.18233589439073 -130 0
vertex 99.62324141677938 -135 0
vertex 100 -134.4619329803505 0
endloop
endfacet
facet normal 0 0 -1
outer loop
vertex 112.18233589439073 -130 0
vertex 100 -134.4619329803505 0
vertex 103.12427910782806 -130 0
endloop
endfacet
facet normal 0 0 -1
outer loop
vertex 100 -135 0
vertex 100 -142.18233589439004 0
vertex 95 -147.18233589438975 0
endloop
endfacet
facet normal 0 0 -1
outer loop
vertex 100 -135 0
vertex 95 -147.18233589438975 0
vertex 95 -141.6026730140608 0
endloop
endfacet
facet normal 0 0 -1
outer loop
vertex 100 -135 0
vertex 95 -141.6026730140608 0
vertex 99.62324141677938 -135 0
endloop
endfacet
facet normal 0 0 -1
outer loop
vertex 81 -100 0
vertex 81 -95 0
vertex 81.5 -95 0
endloop
endfacet
facet normal 0 0 -1
outer loop
vertex 81 -100 0
vertex 81.5 -95 0
vertex 81.5 -100 0
endloop
endfacet
facet normal 0 0 -1
outer loop
vertex 138 -85 0
vertex 138 -99 0
vertex 138 -104 0
endloop
endfacet
facet normal 0 0 -1
outer loop
vertex 138 -85 0
vertex 138 -104 0
vertex 138 -104.18233589439222 0
endloop
endfacet
facet normal 0 0 -1
outer loop
vertex 138 -85 0
vertex 138 -104.18233589439222 0
vertex 133 -109.18233589439193 0
endloop
endfacet
facet normal 0 0 -1
outer loop
vertex 138 -85 0
vertex 133 -109.18233589439193 0
vertex 133 -102 0
endloop
endfacet
facet normal 0 0 -1
outer loop
vertex 138 -85 0
vertex 133 -102 0
vertex 133 -97 0
endloop
endfacet
facet normal 0 0 -1
outer loop
vertex 138 -85 0
vertex 133 -97 0
vertex 133 -87.33304875786254 0
endloop
endfacet
facet normal 0 0 -1
outer loop
vertex 138 -85 0
vertex 133 -87.33304875786254 0
vertex 138 -80.19230872415224 0
endloop
endfacet
facet normal 0 0 -1
outer loop
vertex 114 -116 0
vertex 112.92718464276437 -116 0
vertex 114 -114.46786088596167 0
endloop
endfacet
facet normal 0 0 -1
outer loop
vertex 126.18233589439153 -116 0
vertex 121.18233589439124 -121 0
vertex 119 -121 0
endloop
endfacet
facet normal 0 0 -1
outer loop
vertex 126.18233589439153 -116 0
vertex 119 -121 0
vertex 119 -116 0
endloop
endfacet
facet normal 0 0 -1
outer loop
vertex 143.1823358943925 -99 0
vertex 138.18233589439222 -104 0
vertex 138 -104 0
endloop
endfacet
facet normal 0 0 -1
outer loop
vertex 143.1823358943925 -99 0
vertex 138 -104 0
vertex 138 -99 0
endloop
endfacet
facet normal 0 0 -1
outer loop
vertex 152 -77.5 0
vertex 152 -85 0
vertex 138 -85 0
endloop
endfacet
facet normal 0 0 -1
outer loop
vertex 152 -77.5 0
vertex 138 -85 0
vertex 138 -80.19230872415224 0
endloop
endfacet
facet normal 0 0 -1
outer loop
vertex 152 -77.5 0
vertex 138 -80.19230872415224 0
vertex 139.88517486383924 -77.5 0
endloop
endfacet
facet normal 0 0 -1
outer loop
vertex 133 -97 0
vertex 133 -102 0
vertex 122.73009017770069 -102 0
endloop
endfacet
facet normal 0 0 -1
outer loop
vertex 133 -97 0
vertex 122.73009017770069 -102 0
vertex 126.23112786874937 -97 0
endloop
endfacet
facet normal 0 0 1
outer loop
vertex 81.5 -152 1.2
vertex 81.5 -157 1.2
vertex 81.5 -161.50000000000003 1.2
endloop
endfacet
facet normal 0 0 1
outer loop
vertex 81.5 -152 1.2
vertex 81.5 -161.50000000000003 1.2
vertex 81.53038449397559 -161.15270364466616 1.2
endloop
endfacet
facet normal 0 0 1
outer loop
vertex 81.5 -152 1.2
vertex 81.53038449397559 -161.15270364466616 1.2
vertex 82.3311423034964 -152 1.2
endloop
endfacet
facet normal 0 0 1
outer loop
vertex 81.5 -133 1.2
vertex 81.5 -138 1.2
vertex 83.55598359285952 -138 1.2
endloop
endfacet
facet normal 0 0 1
outer loop
vertex 81.5 -133 1.2
vertex 83.55598359285952 -138 1.2
vertex 83.9934269104892 -133 1.2
endloop
endfacet
facet normal 0 0 1
outer loop
vertex 100 -92 1.2
vertex 100 -78 1.2
vertex 100 -72.5 1.2
endloop
endfacet
facet normal 0 0 1
outer loop
vertex 100 -92 1.2
vertex 100 -72.5 1.2
vertex 95 -72.5 1.2
endloop
endfacet
facet normal 0 0 1
outer loop
vertex 100 -92 1.2
vertex 95 -72.5 1.2
vertex 95 -81 1.2
endloop
endfacet
facet normal 0 0 1
outer loop
vertex 100 -92 1.2
vertex 95 -81 1.2
vertex 95 -95 1.2
endloop
endfacet
facet normal 0 0 1
outer loop
vertex 100 -92 1.2
vertex 95 -95 1.2
vertex 95 -100 1.2
endloop
endfacet
facet normal 0 0 1
outer loop
vertex 100 -92 1.2
vertex 95 -100 1.2
vertex 95 -110.88341421776678 1.2
endloop
endfacet
facet normal 0 0 1
outer loop
vertex 100 -92 1.2
vertex 95 -110.88341421776678 1.2
vertex 100 -92.22316017992287 1.2
endloop
endfacet
facet normal 0 0 1
outer loop
vertex 83.98284404412534 -152 1.2
vertex 81.62061475842816 -160.8159597133488 1.2
vertex 81.76794919243119 -160.49999999999994 1.2
endloop
endfacet
facet normal 0 0 1
outer loop
vertex 83.98284404412534 -152 1.2
vertex 81.76794919243119 -160.49999999999994 1.2
vertex 85.73156428674835 -152 1.2
endloop
endfacet
facet normal 0 0 1
outer loop
vertex 110.352084294965 -72.5 1.2
vertex 114 -74.2010510295616 1.2
vertex 120.49999999999999 -77.23205080756887 1.2
endloop
endfacet
facet normal 0 0 1
outer loop
vertex 110.352084294965 -72.5 1.2
vertex 120.49999999999999 -77.23205080756887 1.2
vertex 120.21442478062693 -77.03208888623796 1.2
endloop
endfacet
facet normal 0 0 1
outer loop
vertex 110.352084294965 -72.5 1.2
vertex 120.21442478062693 -77.03208888623796 1.2
vertex 113.74193107136834 -72.5 1.2
endloop
endfacet
facet normal 0 0 1
outer loop
vertex 85.73156428674835 -152 1.2
vertex 81.76794919243119 -160.49999999999994 1.2
vertex 81.96791111376218 -160.21442478062676 1.2
endloop
endfacet
facet normal 0 0 1
outer loop
vertex 85.73156428674835 -152 1.2
vertex 81.96791111376218 -160.21442478062676 1.2
vertex 87.7197132672139 -152 1.2
endloop
endfacet
facet normal 0 0 1
outer loop
vertex 121.15270364466615 -77.46961550602441 1.2
vertex 120.51180005074795 -77.41354370714353 1.2
vertex 120.4714848192933 -77.5 1.2
endloop
endfacet
facet normal 0 0 1
outer loop
vertex 121.15270364466615 -77.46961550602441 1.2
vertex 120.4714848192933 -77.5 1.2
vertex 121.50000000000009 -77.5 1.2
endloop
endfacet
facet normal 0 0 1
outer loop
vertex 37.5 -93.95394786047477 1.2
vertex 43 -91.38925574062246 1.2
vertex 43 -86 1.2
endloop
endfacet
facet normal 0 0 1
outer loop
vertex 37.5 -93.95394786047477 1.2
vertex 43 -86 1.2
vertex 43 -84.68157385490358 1.2
endloop
endfacet
facet normal 0 0 1
outer loop
vertex 37.5 -93.95394786047477 1.2
vertex 43 -84.68157385490358 1.2
vertex 37.5 -86.15529441327479 1.2
endloop
endfacet
facet normal 0 0 1
outer loop
vertex 81.5 -114 1.2
vertex 81.5 -119 1.2
vertex 85.21826819985233 -119 1.2
endloop
endfacet
facet normal 0 0 1
outer loop
vertex 81.5 -114 1.2
vertex 85.21826819985233 -119 1.2
vertex 85.65571151748202 -114 1.2
endloop
endfacet
facet normal 0 0 1
outer loop
vertex 100 -92 1.2
vertex 100 -92.22316017992287 1.2
vertex 100.05979558999312 -92 1.2
endloop
endfacet
facet normal 0 0 1
outer loop
vertex 95 -100 1.2
vertex 95 -95 1.2
vertex 94.5 -95 1.2
endloop
endfacet
facet normal 0 0 1
outer loop
vertex 95 -100 1.2
vertex 94.5 -95 1.2
vertex 94.5 -100 1.2
endloop
endfacet
facet normal 0 0 1
outer loop
vertex 90.95670912719955 -114 1.2
vertex 90.51926580956986 -119 1.2
vertex 92.82516739435262 -119 1.2
endloop
endfacet
facet normal 0 0 1
outer loop
vertex 90.95670912719955 -114 1.2
vertex 92.82516739435262 -119 1.2
vertex 94.16491335650826 -114 1.2
endloop
endfacet
facet normal 0 0 1
outer loop
vertex 82.3311423034964 -152 1.2
vertex 81.53038449397559 -161.15270364466616 1.2
vertex 81.62061475842816 -160.8159597133488 1.2
endloop
endfacet
facet normal 0 0 1
outer loop
vertex 82.3311423034964 -152 1.2
vertex 81.62061475842816 -160.8159597133488 1.2
vertex 83.98284404412534 -152 1.2
endloop
endfacet
facet normal 0 0 1
outer loop
vertex 113.74193107136834 -72.5 1.2
vertex 120.21442478062693 -77.03208888623796 1.2
vertex 119.96791111376204 -76.78557521937307 1.2
endloop
endfacet
facet normal 0 0 1
outer loop
vertex 113.74193107136834 -72.5 1.2
vertex 119.96791111376204 -76.78557521937307 1.2
vertex 115.68233589438897 -72.5 1.2
endloop
endfacet
facet normal 0 0 1
outer loop
vertex 120.8159597133486 -77.37938524157178 1.2
vertex 120.55974198051625 -77.31073190697282 1.2
vertex 120.51180005074795 -77.41354370714353 1.2
endloop
endfacet
facet normal 0 0 1
outer loop
vertex 120.8159597133486 -77.37938524157178 1.2
vertex 120.51180005074795 -77.41354370714353 1.2
vertex 121.15270364466615 -77.46961550602441 1.2
endloop
endfacet
facet normal 0 0 1
outer loop
vertex 57 -86 1.2
vertex 57 -89.42199618752099 1.2
vertex 61.88711703428703 -86 1.2
endloop
endfacet
facet normal 0 0 1
outer loop
vertex 57 -86 1.2
vertex 61.88711703428703 -86 1.2
vertex 69.74193107136836 -80.5 1.2
endloop
endfacet
facet normal 0 0 1
outer loop
vertex 57 -86 1.2
vertex 69.74193107136836 -80.5 1.2
vertex 66.35208429496498 -80.5 1.2
endloop
endfacet
facet normal 0 0 1
outer loop
vertex 57 -86 1.2
vertex 66.35208429496498 -80.5 1.2
vertex 57 -84.86094852645294 1.2
endloop
endfacet
facet normal 0 0 1
outer loop
vertex 43 -86 1.2
vertex 54.55729623216156 -86 1.2
vertex 57 -84.86094852645294 1.2
endloop
endfacet
facet normal 0 0 1
outer loop
vertex 43 -86 1.2
vertex 57 -84.86094852645294 1.2
vertex 66.35208429496498 -80.5 1.2
endloop
endfacet
facet normal 0 0 1
outer loop
vertex 43 -86 1.2
vertex 66.35208429496498 -80.5 1.2
vertex 58.60584608210138 -80.5 1.2
endloop
endfacet
facet normal 0 0 1
outer loop
vertex 43 -86 1.2
vertex 58.60584608210138 -80.5 1.2
vertex 43 -84.68157385490358 1.2
endloop
endfacet
facet normal 0 0 1
outer loop
vertex 100 -72.5 1.2
vertex 100 -78 1.2
vertex 103.81108428402894 -78 1.2
endloop
endfacet
facet normal 0 0 1
outer loop
vertex 100 -72.5 1.2
vertex 103.81108428402894 -78 1.2
vertex 105.28480484240015 -72.5 1.2
endloop
endfacet
facet normal 0 0 1
outer loop
vertex 95 -81 1.2
vertex 95 -72.5 1.2
vertex 94.5 -72.5 1.2
endloop
endfacet
facet normal 0 0 1
outer loop
vertex 95 -81 1.2
vertex 94.5 -72.5 1.2
vertex 94.5 -73.49999999999997 1.2
endloop
endfacet
facet normal 0 0 1
outer loop
vertex 95 -81 1.2
vertex 94.5 -73.49999999999997 1.2
vertex 94.5 -81 1.2
endloop
endfacet
facet normal 0 0 1
outer loop
vertex 114 -78 1.2
vertex 114 -91.378143980948 1.2
vertex 119 -80.65560937839945 1.2
endloop
endfacet
facet normal 0 0 1
outer loop
vertex 114 -78 1.2
vertex 119 -80.65560937839945 1.2
vertex 120.4714848192933 -77.5 1.2
endloop
endfacet
facet normal 0 0 1
outer loop
vertex 114 -78 1.2
vertex 120.4714848192933 -77.5 1.2
vertex 120.51180005074795 -77.41354370714353 1.2
endloop
endfacet
facet normal 0 0 1
outer loop
vertex 114 -78 1.2
vertex 120.51180005074795 -77.41354370714353 1.2
vertex 120.55974198051625 -77.31073190697282 1.2
endloop
endfacet
facet normal 0 0 1
outer loop
vertex 114 -78 1.2
vertex 120.55974198051625 -77.31073190697282 1.2
vertex 120.57920830217356 -77.26898624546186 1.2
endloop
endfacet
facet normal 0 0 1
outer loop
vertex 114 -78 1.2
vertex 120.57920830217356 -77.26898624546186 1.2
vertex 120.49999999999999 -77.23205080756887 1.2
endloop
endfacet
facet normal 0 0 1
outer loop
vertex 114 -78 1.2
vertex 120.49999999999999 -77.23205080756887 1.2
vertex 114 -74.2010510295616 1.2
endloop
endfacet
facet normal 0 0 1
outer loop
vertex 115.68233589438897 -72.5 1.2
vertex 119.96791111376204 -76.78557521937307 1.2
vertex 119.76794919243113 -76.50000000000001 1.2
endloop
endfacet
facet normal 0 0 1
outer loop
vertex 115.68233589438897 -72.5 1.2
vertex 119.76794919243113 -76.50000000000001 1.2
vertex 116.96711903959218 -72.5 1.2
endloop
endfacet
facet normal 0 0 1
outer loop
vertex 120.57920830217356 -77.26898624546186 1.2
vertex 120.55974198051625 -77.31073190697282 1.2
vertex 120.8159597133486 -77.37938524157178 1.2
endloop
endfacet
facet normal 0 0 1
outer loop
vertex 90.18233589438942 -152 1.2
vertex 82.21442478062701 -159.96791111376194 1.2
vertex 82.49999999999966 -159.76794919243133 1.2
endloop
endfacet
facet normal 0 0 1
outer loop
vertex 90.18233589438942 -152 1.2
vertex 82.49999999999966 -159.76794919243133 1.2
vertex 93.59378115564404 -152 1.2
endloop
endfacet
facet normal 0 0 1
outer loop
vertex 37.5 -103.07604318261086 1.2
vertex 43 -99.2249017224573 1.2
vertex 43 -91.38925574062246 1.2
endloop
endfacet
facet normal 0 0 1
outer loop
vertex 37.5 -103.07604318261086 1.2
vertex 43 -91.38925574062246 1.2
vertex 37.5 -93.95394786047477 1.2
endloop
endfacet
facet normal 0 0 1
outer loop
vertex 81.5 -95 1.2
vertex 81.5 -100 1.2
vertex 86.88055280684513 -100 1.2
endloop
endfacet
facet normal 0 0 1
outer loop
vertex 81.5 -95 1.2
vertex 86.88055280684513 -100 1.2
vertex 87.31799612447482 -95 1.2
endloop
endfacet
facet normal 0 0 1
outer loop
vertex 94.5 -100 1.2
vertex 94.5 -95 1.2
vertex 92.61899373419234 -95 1.2
endloop
endfacet
facet normal 0 0 1
outer loop
vertex 94.5 -100 1.2
vertex 92.61899373419234 -95 1.2
vertex 92.18155041656266 -100 1.2
endloop
endfacet
facet normal 0 0 1
outer loop
vertex 83.9934269104892 -133 1.2
vertex 83.55598359285952 -138 1.2
vertex 87.73413273816116 -138 1.2
endloop
endfacet
facet normal 0 0 1
outer loop
vertex 83.9934269104892 -133 1.2
vertex 87.73413273816116 -138 1.2
vertex 89.07387870031681 -133 1.2
endloop
endfacet
facet normal 0 0 1
outer loop
vertex 87.46201968454548 -100 1.2
vertex 88.80176564670113 -95 1.2
vertex 87.31799612447482 -95 1.2
endloop
endfacet
facet normal 0 0 1
outer loop
vertex 87.46201968454548 -100 1.2
vertex 87.31799612447482 -95 1.2
vertex 86.88055280684513 -100 1.2
endloop
endfacet
facet normal 0 0 1
outer loop
vertex 91.2010510295616 -81 1.2
vertex 94.23205080756884 -74.50000000000006 1.2
vertex 94.03208888623794 -74.78557521937309 1.2
endloop
endfacet
facet normal 0 0 1
outer loop
vertex 91.2010510295616 -81 1.2
vertex 94.03208888623794 -74.78557521937309 1.2
vertex 89.68070180920559 -81 1.2
endloop
endfacet
facet normal 0 0 1
outer loop
vertex 100 -116 1.2
vertex 100 -111 1.2
vertex 100 -97 1.2
endloop
endfacet
facet normal 0 0 1
outer loop
vertex 100 -116 1.2
vertex 100 -97 1.2
vertex 100 -92.22316017992287 1.2
endloop
endfacet
facet normal 0 0 1
outer loop
vertex 100 -116 1.2
vertex 100 -92.22316017992287 1.2
vertex 95 -110.88341421776678 1.2
endloop
endfacet
facet normal 0 0 1
outer loop
vertex 100 -116 1.2
vertex 95 -110.88341421776678 1.2
vertex 95 -114 1.2
endloop
endfacet
facet normal 0 0 1
outer loop
vertex 100 -116 1.2
vertex 95 -114 1.2
vertex 95 -119 1.2
endloop
endfacet
facet normal 0 0 1
outer loop
vertex 100 -116 1.2
vertex 95 -119 1.2
vertex 95 -132.1237754706325 1.2
endloop
endfacet
facet normal 0 0 1
outer loop
vertex 100 -116 1.2
vertex 95 -132.1237754706325 1.2
vertex 100 -121.40124086808395 1.2
endloop
endfacet
facet normal 0 0 1
outer loop
vertex 89.07387870031681 -133 1.2
vertex 87.73413273816116 -138 1.2
vertex 92.25987150091787 -138 1.2
endloop
endfacet
facet normal 0 0 1
outer loop
vertex 89.07387870031681 -133 1.2
vertex 92.25987150091787 -138 1.2
vertex 94.5914097916927 -133 1.2
endloop
endfacet
facet normal 0 0 1
outer loop
vertex 133 -77.5 1.2
vertex 133 -83 1.2
vertex 133 -87.33304875786258 1.2
endloop
endfacet
facet normal 0 0 1
outer loop
vertex 133 -77.5 1.2
vertex 133 -87.33304875786258 1.2
vertex 138 -80.19230872415221 1.2
endloop
endfacet
facet normal 0 0 1
outer loop
vertex 133 -77.5 1.2
vertex 138 -80.19230872415221 1.2
vertex 139.88517486383927 -77.5 1.2
endloop
endfacet
facet normal 0 0 1
outer loop
vertex 100 -130 1.2
vertex 100 -121.40124086808395 1.2
vertex 95 -132.1237754706325 1.2
endloop
endfacet
facet normal 0 0 1
outer loop
vertex 100 -130 1.2
vertex 95 -132.1237754706325 1.2
vertex 95 -133 1.2
endloop
endfacet
facet normal 0 0 1
outer loop
vertex 100 -130 1.2
vertex 95 -133 1.2
vertex 95 -138 1.2
endloop
endfacet
facet normal 0 0 1
outer loop
vertex 100 -130 1.2
vertex 95 -138 1.2
vertex 95 -141.60267301406088 1.2
endloop
endfacet
facet normal 0 0 1
outer loop
vertex 100 -130 1.2
vertex 95 -141.60267301406088 1.2
vertex 99.62324141677941 -135 1.2
endloop
endfacet
facet normal 0 0 1
outer loop
vertex 100 -130 1.2
vertex 99.62324141677941 -135 1.2
vertex 100 -134.46193298035058 1.2
endloop
endfacet
facet normal 0 0 1
outer loop
vertex 95 -138 1.2
vertex 95 -133 1.2
vertex 94.5914097916927 -133 1.2
endloop
endfacet
facet normal 0 0 1
outer loop
vertex 95 -138 1.2
vertex 94.5914097916927 -133 1.2
vertex 92.25987150091787 -138 1.2
endloop
endfacet
facet normal 0 0 1
outer loop
vertex 95 -152 1.2
vertex 93.59378115564404 -152 1.2
vertex 82.49999999999966 -159.76794919243133 1.2
endloop
endfacet
facet normal 0 0 1
outer loop
vertex 95 -152 1.2
vertex 82.49999999999966 -159.76794919243133 1.2
vertex 82.81595971334889 -159.62061475842813 1.2
endloop
endfacet
facet normal 0 0 1
outer loop
vertex 95 -152 1.2
vertex 82.81595971334889 -159.62061475842813 1.2
vertex 99.15842080133484 -152 1.2
endloop
endfacet
facet normal 0 0 -1
outer loop
vertex 73.84729635533381 -80.46961550602444 1.2
vertex 73.50000000000023 -80.5 1.2
vertex 72.93234432722363 -80.54966343615413 1.2
endloop
endfacet
facet normal 0 0 -1
outer loop
vertex 73.84729635533381 -80.46961550602444 1.2
vertex 72.93234432722363 -80.54966343615413 1.2
vertex 72.79003016099712 -80.75290912898168 1.2
endloop
endfacet
facet normal 0 0 1
outer loop
vertex 62 -86 1.2
vertex 66.18233589438894 -86 1.2
vertex 71.68233589438894 -80.5 1.2
endloop
endfacet
facet normal 0 0 1
outer loop
vertex 62 -86 1.2
vertex 71.68233589438894 -80.5 1.2
vertex 69.74193107136836 -80.5 1.2
endloop
endfacet
facet normal 0 0 1
outer loop
vertex 62 -86 1.2
vertex 69.74193107136836 -80.5 1.2
vertex 61.88711703428703 -86 1.2
endloop
endfacet
facet normal 0 0 1
outer loop
vertex 37.5 -114.68233589438897 1.2
vertex 43 -109.18233589438897 1.2
vertex 43 -105 1.2
endloop
endfacet
facet normal 0 0 1
outer loop
vertex 37.5 -114.68233589438897 1.2
vertex 43 -105 1.2
vertex 43 -100 1.2
endloop
endfacet
facet normal 0 0 1
outer loop
vertex 37.5 -114.68233589438897 1.2
vertex 43 -100 1.2
vertex 43 -99.2249017224573 1.2
endloop
endfacet
facet normal 0 0 1
outer loop
vertex 37.5 -114.68233589438897 1.2
vertex 43 -99.2249017224573 1.2
vertex 37.5 -103.07604318261086 1.2
endloop
endfacet
facet normal 0 0 1
outer loop
vertex 57 -86 1.2
vertex 57 -84.86094852645294 1.2
vertex 54.55729623216156 -86 1.2
endloop
endfacet
facet normal 0 0 1
outer loop
vertex 81.5 -75.5 1.2
vertex 81.5 -81 1.2
vertex 88.54283741383794 -81 1.2
endloop
endfacet
facet normal 0 0 1
outer loop
vertex 81.5 -75.5 1.2
vertex 88.54283741383794 -81 1.2
vertex 88.61236470739094 -80.2052993982201 1.2
endloop
endfacet
facet normal 0 0 1
outer loop
vertex 81.5 -75.5 1.2
vertex 88.61236470739094 -80.2052993982201 1.2
vertex 88.75690449792643 -78.55320203256949 1.2
endloop
endfacet
facet normal 0 0 1
outer loop
vertex 81.5 -75.5 1.2
vertex 88.75690449792643 -78.55320203256949 1.2
vertex 88.85809341694866 -77.39660739568565 1.2
endloop
endfacet
facet normal 0 0 1
outer loop
vertex 81.5 -75.5 1.2
vertex 88.85809341694866 -77.39660739568565 1.2
vertex 88.9349685519833 -76.51792058145806 1.2
endloop
endfacet
facet normal 0 0 1
outer loop
vertex 81.5 -75.5 1.2
vertex 88.9349685519833 -76.51792058145806 1.2
vertex 88.99721380509355 -75.80645408280947 1.2
endloop
endfacet
facet normal 0 0 1
outer loop
vertex 81.5 -75.5 1.2
vertex 88.99721380509355 -75.80645408280947 1.2
vertex 89.0240250632306 -75.5 1.2
endloop
endfacet
facet normal 0 0 1
outer loop
vertex 94.5 -81 1.2
vertex 94.5 -73.49999999999997 1.2
vertex 94.4696155060244 -73.847296355334 1.2
endloop
endfacet
facet normal 0 0 1
outer loop
vertex 94.5 -81 1.2
vertex 94.4696155060244 -73.847296355334 1.2
vertex 93.84383502355547 -81 1.2
endloop
endfacet
facet normal 0 0 1
outer loop
vertex 92.55305434073694 -81 1.2
vertex 94.37938524157187 -74.1840402866512 1.2
vertex 94.23205080756884 -74.50000000000006 1.2
endloop
endfacet
facet normal 0 0 1
outer loop
vertex 92.55305434073694 -81 1.2
vertex 94.23205080756884 -74.50000000000006 1.2
vertex 91.2010510295616 -81 1.2
endloop
endfacet
facet normal 0 0 1
outer loop
vertex 89.68070180920559 -81 1.2
vertex 94.03208888623794 -74.78557521937309 1.2
vertex 93.78557521937306 -75.03208888623797 1.2
endloop
endfacet
facet normal 0 0 1
outer loop
vertex 89.68070180920559 -81 1.2
vertex 93.78557521937306 -75.03208888623797 1.2
vertex 88.61236470739094 -80.2052993982201 1.2
endloop
endfacet
facet normal 0 0 1
outer loop
vertex 89.68070180920559 -81 1.2
vertex 88.61236470739094 -80.2052993982201 1.2
vertex 88.54283741383794 -81 1.2
endloop
endfacet
facet normal 0 0 -1
outer loop
vertex 93.78557521937306 -75.03208888623797 1.2
vertex 93.50000000000007 -75.23205080756884 1.2
vertex 88.75690449792643 -78.55320203256949 1.2
endloop
endfacet
facet normal 0 0 -1
outer loop
vertex 93.78557521937306 -75.03208888623797 1.2
vertex 88.75690449792643 -78.55320203256949 1.2
vertex 88.61236470739094 -80.2052993982201 1.2
endloop
endfacet
facet normal 0 0 1
outer loop
vertex 119 -102 1.2
vertex 119 -97 1.2
vertex 119 -83 1.2
endloop
endfacet
facet normal 0 0 1
outer loop
vertex 119 -102 1.2
vertex 119 -83 1.2
vertex 119 -80.65560937839945 1.2
endloop
endfacet
facet normal 0 0 1
outer loop
vertex 119 -102 1.2
vertex 119 -80.65560937839945 1.2
vertex 114 -91.378143980948 1.2
endloop
endfacet
facet normal 0 0 1
outer loop
vertex 119 -102 1.2
vertex 114 -91.378143980948 1.2
vertex 114 -92 1.2
endloop
endfacet
facet normal 0 0 1
outer loop
vertex 119 -102 1.2
vertex 114 -92 1.2
vertex 114 -97 1.2
endloop
endfacet
facet normal 0 0 1
outer loop
vertex 119 -102 1.2
vertex 114 -97 1.2
vertex 114 -111 1.2
endloop
endfacet
facet normal 0 0 1
outer loop
vertex 119 -102 1.2
vertex 114 -111 1.2
vertex 114 -114.46786088596173 1.2
endloop
endfacet
facet normal 0 0 1
outer loop
vertex 119 -102 1.2
vertex 114 -114.46786088596173 1.2
vertex 119 -107.32712085225143 1.2
endloop
endfacet
facet normal 0 0 1
outer loop
vertex 100 -130 1.2
vertex 100 -134.46193298035058 1.2
vertex 103.12427910782812 -130 1.2
endloop
endfacet
facet normal 0 0 1
outer loop
vertex 173.38113000000018 -186.2912763999998 1.2
vertex 175.63088620206096 -183.61012057413444 1.2
vertex 171.41764217073083 -180.07478903488163 1.2
endloop
endfacet
facet normal 0 0 1
outer loop
vertex 173.38113000000018 -186.2912763999998 1.2
vertex 171.41764217073083 -180.07478903488163 1.2
vertex 163.39023033794754 -173.3389906761878 1.2
endloop
endfacet
facet normal 0 0 1
outer loop
vertex 173.38113000000018 -186.2912763999998 1.2
vertex 163.39023033794754 -173.3389906761878 1.2
vertex 153.8377621059827 -172.5032579971992 1.2
endloop
endfacet
facet normal 0 0 1
outer loop
vertex 173.38113000000018 -186.2912763999998 1.2
vertex 153.8377621059827 -172.5032579971992 1.2
vertex 170.56346999999997 -186.53779319999992 1.2
endloop
endfacet
facet normal 0 0 1
outer loop
vertex 173.38113000000018 -186.2912763999998 1.2
vertex 170.56346999999997 -186.53779319999992 1.2
vertex 170.8490454593649 -186.73775381301223 1.2
endloop
endfacet
facet normal 0 0 1
outer loop
vertex 173.38113000000018 -186.2912763999998 1.2
vertex 170.8490454593649 -186.73775381301223 1.2
vertex 171.16500514091788 -186.88508700472678 1.2
endloop
endfacet
facet normal 0 0 1
outer loop
vertex 173.38113000000018 -186.2912763999998 1.2
vertex 171.16500514091788 -186.88508700472678 1.2
vertex 171.50174880011969 -186.97531614489057 1.2
endloop
endfacet
facet normal 0 0 1
outer loop
vertex 173.38113000000018 -186.2912763999998 1.2
vertex 171.50174880011969 -186.97531614489057 1.2
vertex 171.8490446837963 -187.0056996754489 1.2
endloop
endfacet
facet normal 0 0 1
outer loop
vertex 173.38113000000018 -186.2912763999998 1.2
vertex 171.8490446837963 -187.0056996754489 1.2
vertex 172.1963404157886 -186.97531441113358 1.2
endloop
endfacet
facet normal 0 0 1
outer loop
vertex 173.38113000000018 -186.2912763999998 1.2
vertex 172.1963404157886 -186.97531441113358 1.2
vertex 172.53308362454817 -186.88508358989176 1.2
endloop
endfacet
facet normal 0 0 1
outer loop
vertex 173.38113000000018 -186.2912763999998 1.2
vertex 172.53308362454817 -186.88508358989176 1.2
vertex 172.84904257058577 -186.73774882085715 1.2
endloop
endfacet
facet normal 0 0 1
outer loop
vertex 173.38113000000018 -186.2912763999998 1.2
vertex 172.84904257058577 -186.73774882085715 1.2
vertex 173.1346170317114 -186.53778678220826 1.2
endloop
endfacet
facet normal 0 0 -1
outer loop
vertex 74.50000000000009 -80.23205080756883 1.2
vertex 74.18404028665122 -80.37938524157185 1.2
vertex 73.89642150234035 -80.51350408332523 1.2
endloop
endfacet
facet normal 0 0 -1
outer loop
vertex 74.50000000000009 -80.23205080756883 1.2
vertex 73.89642150234035 -80.51350408332523 1.2
vertex 73.79867380547336 -80.72312469572037 1.2
endloop
endfacet
facet normal 0 0 1
outer loop
vertex 73.50000000000023 -80.5 1.2
vertex 72.96711903959215 -80.5 1.2
vertex 72.93234432722363 -80.54966343615413 1.2
endloop
endfacet
facet normal 0 0 -1
outer loop
vertex 69.1159775794386 -86 1.2
vertex 72.79003016099712 -80.75290912898168 1.2
vertex 72.93234432722363 -80.54966343615413 1.2
endloop
endfacet
facet normal 0 0 -1
outer loop
vertex 69.1159775794386 -86 1.2
vertex 72.93234432722363 -80.54966343615413 1.2
vertex 72.96711903959215 -80.5 1.2
endloop
endfacet
facet normal 0 0 -1
outer loop
vertex 69.1159775794386 -86 1.2
vertex 72.96711903959215 -80.5 1.2
vertex 71.68233589438894 -80.5 1.2
endloop
endfacet
facet normal 0 0 -1
outer loop
vertex 69.1159775794386 -86 1.2
vertex 71.68233589438894 -80.5 1.2
vertex 66.18233589438894 -86 1.2
endloop
endfacet
facet normal 0 0 1
outer loop
vertex 37.5 -131.1522953612769 1.2
vertex 43 -123.29748132419559 1.2
vertex 43 -119 1.2
endloop
endfacet
facet normal 0 0 1
outer loop
vertex 37.5 -131.1522953612769 1.2
vertex 43 -119 1.2
vertex 43 -109.18233589438897 1.2
endloop
endfacet
facet normal 0 0 1
outer loop
vertex 37.5 -131.1522953612769 1.2
vertex 43 -109.18233589438897 1.2
vertex 37.5 -114.68233589438897 1.2
endloop
endfacet
facet normal 0 0 1
outer loop
vertex 57 -95.18233589438896 1.2
vertex 62 -90.18233589438894 1.2
vertex 62 -86 1.2
endloop
endfacet
facet normal 0 0 1
outer loop
vertex 57 -95.18233589438896 1.2
vertex 62 -86 1.2
vertex 61.88711703428703 -86 1.2
endloop
endfacet
facet normal 0 0 1
outer loop
vertex 57 -95.18233589438896 1.2
vertex 61.88711703428703 -86 1.2
vertex 57 -89.42199618752099 1.2
endloop
endfacet
facet normal 0 0 1
outer loop
vertex 90.51926580956986 -119 1.2
vertex 90.95670912719955 -114 1.2
vertex 85.65571151748202 -114 1.2
endloop
endfacet
facet normal 0 0 1
outer loop
vertex 90.51926580956986 -119 1.2
vertex 85.65571151748202 -114 1.2
vertex 85.21826819985233 -119 1.2
endloop
endfacet
facet normal 0 0 -1
outer loop
vertex 93.50000000000007 -75.23205080756884 1.2
vertex 93.18404028665121 -75.37938524157187 1.2
vertex 88.85809341694866 -77.39660739568565 1.2
endloop
endfacet
facet normal 0 0 -1
outer loop
vertex 93.50000000000007 -75.23205080756884 1.2
vertex 88.85809341694866 -77.39660739568565 1.2
vertex 88.75690449792643 -78.55320203256949 1.2
endloop
endfacet
facet normal 0 0 1
outer loop
vertex 100 -111 1.2
vertex 100 -116 1.2
vertex 102.51863998032712 -116 1.2
endloop
endfacet
facet normal 0 0 1
outer loop
vertex 100 -111 1.2
vertex 102.51863998032712 -116 1.2
vertex 104.85017827110195 -111 1.2
endloop
endfacet
facet normal 0 0 1
outer loop
vertex 95 -119 1.2
vertex 95 -114 1.2
vertex 94.16491335650826 -114 1.2
endloop
endfacet
facet normal 0 0 1
outer loop
vertex 95 -119 1.2
vertex 94.16491335650826 -114 1.2
vertex 92.82516739435262 -119 1.2
endloop
endfacet
facet normal 0 0 1
outer loop
vertex 117.84729635533392 -72.5303844939756 1.2
vertex 117.49999999999989 -72.5 1.2
vertex 116.96711903959218 -72.5 1.2
endloop
endfacet
facet normal 0 0 1
outer loop
vertex 117.84729635533392 -72.5303844939756 1.2
vertex 116.96711903959218 -72.5 1.2
vertex 119.76794919243113 -76.50000000000001 1.2
endloop
endfacet
facet normal 0 0 1
outer loop
vertex 117.84729635533392 -72.5303844939756 1.2
vertex 119.76794919243113 -76.50000000000001 1.2
vertex 119.62061475842819 -76.18404028665132 1.2
endloop
endfacet
facet normal 0 0 1
outer loop
vertex 117.84729635533392 -72.5303844939756 1.2
vertex 119.62061475842819 -76.18404028665132 1.2
vertex 117.92682377556415 -72.55169380200242 1.2
endloop
endfacet
facet normal 0 0 1
outer loop
vertex 100 -149 1.2
vertex 97.87822517587023 -149 1.2
vertex 95 -151.01535496480938 1.2
endloop
endfacet
facet normal 0 0 1
outer loop
vertex 100 -149 1.2
vertex 95 -151.01535496480938 1.2
vertex 95 -152 1.2
endloop
endfacet
facet normal 0 0 1
outer loop
vertex 100 -149 1.2
vertex 95 -152 1.2
vertex 99.15842080133484 -152 1.2
endloop
endfacet
facet normal 0 0 1
outer loop
vertex 100 -149 1.2
vertex 99.15842080133484 -152 1.2
vertex 105.59194156286335 -149 1.2
endloop
endfacet
facet normal 0 0 1
outer loop
vertex 119 -149 1.2
vertex 114 -149 1.2
vertex 105.59194156286335 -149 1.2
endloop
endfacet
facet normal 0 0 1
outer loop
vertex 119 -149 1.2
vertex 105.59194156286335 -149 1.2
vertex 99.15842080133484 -152 1.2
endloop
endfacet
facet normal 0 0 1
outer loop
vertex 119 -149 1.2
vertex 99.15842080133484 -152 1.2
vertex 82.81595971334889 -159.62061475842813 1.2
endloop
endfacet
facet normal 0 0 1
outer loop
vertex 119 -149 1.2
vertex 82.81595971334889 -159.62061475842813 1.2
vertex 83.15270364466636 -159.53038449397553 1.2
endloop
endfacet
facet normal 0 0 1
outer loop
vertex 119 -149 1.2
vertex 83.15270364466636 -159.53038449397553 1.2
vertex 103.7923795615736 -154 1.2
endloop
endfacet
facet normal 0 0 1
outer loop
vertex 119 -149 1.2
vertex 103.7923795615736 -154 1.2
vertex 119 -149.9251303847245 1.2
endloop
endfacet
facet normal 0 0 1
outer loop
vertex 158.1874549999999 -142.5979359999999 1.2
vertex 155.39853950823232 -140.17217111782108 1.2
vertex 148.00474412928747 -142.15333261861036 1.2
endloop
endfacet
facet normal 0 0 1
outer loop
vertex 158.1874549999999 -142.5979359999999 1.2
vertex 148.00474412928747 -142.15333261861036 1.2
vertex 155.1372022 -148.13817560000007 1.2
endloop
endfacet
facet normal 0 0 1
outer loop
vertex 158.1874549999999 -142.5979359999999 1.2
vertex 155.1372022 -148.13817560000007 1.2
vertex 160.63520095016827 -152.75154435806513 1.2
endloop
endfacet
facet normal 0 0 1
outer loop
vertex 158.1874549999999 -142.5979359999999 1.2
vertex 160.63520095016827 -152.75154435806513 1.2
vertex 169.01792869369015 -152.0181507110826 1.2
endloop
endfacet
facet normal 0 0 1
outer loop
vertex 157.98646214184186 -142.3962544852956 1.2
vertex 155.6916914585012 -140.09362128948692 1.2
vertex 155.39853950823232 -140.17217111782108 1.2
endloop
endfacet
facet normal 0 0 1
outer loop
vertex 157.98646214184186 -142.3962544852956 1.2
vertex 155.39853950823232 -140.17217111782108 1.2
vertex 158.1874549999999 -142.5979359999999 1.2
endloop
endfacet
facet normal 0 0 1
outer loop
vertex 171.41764217073083 -180.07478903488163 1.2
vertex 175.63088620206096 -183.61012057413444 1.2
vertex 182.82280681564768 -175.03912082108735 1.2
endloop
endfacet
facet normal 0 0 1
outer loop
vertex 171.41764217073083 -180.07478903488163 1.2
vertex 182.82280681564768 -175.03912082108735 1.2
vertex 176.13409899440487 -174.45393471309134 1.2
endloop
endfacet
facet normal 0 0 1
outer loop
vertex 76 -157 1.2
vertex 75.5 -157 1.2
vertex 75.5 -162.5 1.2
endloop
endfacet
facet normal 0 0 1
outer loop
vertex 76 -157 1.2
vertex 75.5 -162.5 1.2
vertex 81.5 -162.5 1.2
endloop
endfacet
facet normal 0 0 1
outer loop
vertex 76 -157 1.2
vertex 81.5 -162.5 1.2
vertex 81.5 -161.50000000000003 1.2
endloop
endfacet
facet normal 0 0 1
outer loop
vertex 76 -157 1.2
vertex 81.5 -161.50000000000003 1.2
vertex 81.5 -157 1.2
endloop
endfacet
facet normal 0 0 1
outer loop
vertex 68.544651249688 -157 1.2
vertex 62 -157 1.2
vertex 57 -157 1.2
endloop
endfacet
facet normal 0 0 1
outer loop
vertex 68.544651249688 -157 1.2
vertex 57 -157 1.2
vertex 54.13536591775478 -157 1.2
endloop
endfacet
facet normal 0 0 1
outer loop
vertex 68.544651249688 -157 1.2
vertex 54.13536591775478 -157 1.2
vertex 52.66164535938357 -162.5 1.2
endloop
endfacet
facet normal 0 0 1
outer loop
vertex 68.544651249688 -157 1.2
vertex 52.66164535938357 -162.5 1.2
vertex 68.06346360029535 -162.5 1.2
endloop
endfacet
facet normal 0 0 1
outer loop
vertex 75.23205080756885 -79.50000000000004 1.2
vertex 75.03208888623797 -79.78557521937306 1.2
vertex 74.69648139048583 -80.26487239547919 1.2
endloop
endfacet
facet normal 0 0 1
outer loop
vertex 75.23205080756885 -79.50000000000004 1.2
vertex 74.69648139048583 -80.26487239547919 1.2
vertex 74.45481252766182 -81.16679287014577 1.2
endloop
endfacet
facet normal 0 0 1
outer loop
vertex 54.13536591775478 -157 1.2
vertex 43 -157 1.2
vertex 38.230182710956385 -157 1.2
endloop
endfacet
facet normal 0 0 1
outer loop
vertex 54.13536591775478 -157 1.2
vertex 38.230182710956385 -157 1.2
vertex 37.5 -158.56588187688251 1.2
endloop
endfacet
facet normal 0 0 1
outer loop
vertex 54.13536591775478 -157 1.2
vertex 37.5 -158.56588187688251 1.2
vertex 37.5 -160.5000000000001 1.2
endloop
endfacet
facet normal 0 0 1
outer loop
vertex 54.13536591775478 -157 1.2
vertex 37.5 -160.5000000000001 1.2
vertex 37.53038449397556 -160.8472963553338 1.2
endloop
endfacet
facet normal 0 0 1
outer loop
vertex 54.13536591775478 -157 1.2
vertex 37.53038449397556 -160.8472963553338 1.2
vertex 37.620614758428175 -161.1840402866513 1.2
endloop
endfacet
facet normal 0 0 1
outer loop
vertex 54.13536591775478 -157 1.2
vertex 37.620614758428175 -161.1840402866513 1.2
vertex 37.76794919243113 -161.5 1.2
endloop
endfacet
facet normal 0 0 1
outer loop
vertex 54.13536591775478 -157 1.2
vertex 37.76794919243113 -161.5 1.2
vertex 37.96791111376211 -161.78557521937313 1.2
endloop
endfacet
facet normal 0 0 1
outer loop
vertex 54.13536591775478 -157 1.2
vertex 37.96791111376211 -161.78557521937313 1.2
vertex 38.214424780626885 -162.03208888623791 1.2
endloop
endfacet
facet normal 0 0 1
outer loop
vertex 54.13536591775478 -157 1.2
vertex 38.214424780626885 -162.03208888623791 1.2
vertex 38.49999999999986 -162.23205080756875 1.2
endloop
endfacet
facet normal 0 0 1
outer loop
vertex 54.13536591775478 -157 1.2
vertex 38.49999999999986 -162.23205080756875 1.2
vertex 38.815959713348974 -162.3793852415719 1.2
endloop
endfacet
facet normal 0 0 1
outer loop
vertex 54.13536591775478 -157 1.2
vertex 38.815959713348974 -162.3793852415719 1.2
vertex 39.152703644666104 -162.4696155060244 1.2
endloop
endfacet
facet normal 0 0 1
outer loop
vertex 54.13536591775478 -157 1.2
vertex 39.152703644666104 -162.4696155060244 1.2
vertex 39.49999999999997 -162.5 1.2
endloop
endfacet
facet normal 0 0 1
outer loop
vertex 54.13536591775478 -157 1.2
vertex 39.49999999999997 -162.5 1.2
vertex 52.66164535938357 -162.5 1.2
endloop
endfacet
facet normal 0 0 1
outer loop
vertex 74.18404028665122 -80.37938524157185 1.2
vertex 73.92682377556413 -80.44830619799758 1.2
vertex 73.89642150234035 -80.51350408332523 1.2
endloop
endfacet
facet normal 0 0 1
outer loop
vertex 57 -100 1.2
vertex 57 -103.30340922980675 1.2
vertex 59.31307204450229 -100 1.2
endloop
endfacet
facet normal 0 0 1
outer loop
vertex 57 -100 1.2
vertex 59.31307204450229 -100 1.2
vertex 62 -96.16266919609645 1.2
endloop
endfacet
facet normal 0 0 1
outer loop
vertex 57 -100 1.2
vertex 62 -96.16266919609645 1.2
vertex 62 -90.18233589438894 1.2
endloop
endfacet
facet normal 0 0 1
outer loop
vertex 57 -100 1.2
vertex 62 -90.18233589438894 1.2
vertex 57 -95.18233589438896 1.2
endloop
endfacet
facet normal 0 0 1
outer loop
vertex 43 -119 1.2
vertex 43 -123.29748132419559 1.2
vertex 46.00912881851731 -119 1.2
endloop
endfacet
facet normal 0 0 1
outer loop
vertex 43 -100 1.2
vertex 43 -105 1.2
vertex 47.18233589438897 -105 1.2
endloop
endfacet
facet normal 0 0 1
outer loop
vertex 43 -100 1.2
vertex 47.18233589438897 -105 1.2
vertex 52.18233589438896 -100 1.2
endloop
endfacet
facet normal 0 0 -1
outer loop
vertex 93.18404028665121 -75.37938524157187 1.2
vertex 92.84729635533397 -75.46961550602441 1.2
vertex 88.9349685519833 -76.51792058145806 1.2
endloop
endfacet
facet normal 0 0 -1
outer loop
vertex 93.18404028665121 -75.37938524157187 1.2
vertex 88.9349685519833 -76.51792058145806 1.2
vertex 88.85809341694866 -77.39660739568565 1.2
endloop
endfacet
facet normal 0 0 1
outer loop
vertex 118.5 -72.76794919243112 1.2
vertex 118.18404028665131 -72.62061475842818 1.2
vertex 117.92682377556415 -72.55169380200242 1.2
endloop
endfacet
facet normal 0 0 1
outer loop
vertex 118.5 -72.76794919243112 1.2
vertex 117.92682377556415 -72.55169380200242 1.2
vertex 119.62061475842819 -76.18404028665132 1.2
endloop
endfacet
facet normal 0 0 1
outer loop
vertex 118.5 -72.76794919243112 1.2
vertex 119.62061475842819 -76.18404028665132 1.2
vertex 119.5303844939756 -75.8472963553339 1.2
endloop
endfacet
facet normal 0 0 1
outer loop
vertex 118.5 -72.76794919243112 1.2
vertex 119.5303844939756 -75.8472963553339 1.2
vertex 118.75268460533164 -72.94488085787388 1.2
endloop
endfacet
facet normal 0 0 1
outer loop
vertex 119 -97 1.2
vertex 119 -102 1.2
vertex 122.73009017770073 -102 1.2
endloop
endfacet
facet normal 0 0 1
outer loop
vertex 119 -97 1.2
vertex 122.73009017770073 -102 1.2
vertex 126.23112786874941 -97 1.2
endloop
endfacet
facet normal 0 0 1
outer loop
vertex 114 -111 1.2
vertex 104.85017827110195 -111 1.2
vertex 102.51863998032712 -116 1.2
endloop
endfacet
facet normal 0 0 1
outer loop
vertex 114 -111 1.2
vertex 102.51863998032712 -116 1.2
vertex 112.92718464276442 -116 1.2
endloop
endfacet
facet normal 0 0 1
outer loop
vertex 114 -111 1.2
vertex 112.92718464276442 -116 1.2
vertex 114 -114.46786088596173 1.2
endloop
endfacet
facet normal 0 0 1
outer loop
vertex 157.5 -84.68233589439333 1.2
vertex 152 -90.18233589439302 1.2
vertex 152 -99 1.2
endloop
endfacet
facet normal 0 0 1
outer loop
vertex 157.5 -84.68233589439333 1.2
vertex 152 -99 1.2
vertex 152 -104 1.2
endloop
endfacet
facet normal 0 0 1
outer loop
vertex 157.5 -84.68233589439333 1.2
vertex 152 -104 1.2
vertex 152 -111.10352528685439 1.2
endloop
endfacet
facet normal 0 0 1
outer loop
vertex 157.5 -84.68233589439333 1.2
vertex 152 -111.10352528685439 1.2
vertex 157.5 -107.25238382670084 1.2
endloop
endfacet
facet normal 0 0 1
outer loop
vertex 119 -123.1823358943911 1.2
vertex 114 -128.1823358943908 1.2
vertex 114 -130 1.2
endloop
endfacet
facet normal 0 0 1
outer loop
vertex 119 -123.1823358943911 1.2
vertex 114 -130 1.2
vertex 114 -135 1.2
endloop
endfacet
facet normal 0 0 1
outer loop
vertex 119 -123.1823358943911 1.2
vertex 114 -135 1.2
vertex 114 -137.71141173882438 1.2
endloop
endfacet
facet normal 0 0 1
outer loop
vertex 119 -123.1823358943911 1.2
vertex 114 -137.71141173882438 1.2
vertex 119 -134.2103740477757 1.2
endloop
endfacet
facet normal 0 0 1
outer loop
vertex 114 -135 1.2
vertex 114 -130 1.2
vertex 112.18233589439069 -130 1.2
endloop
endfacet
facet normal 0 0 1
outer loop
vertex 114 -135 1.2
vertex 112.18233589439069 -130 1.2
vertex 107.1823358943904 -135 1.2
endloop
endfacet
facet normal 0 0 1
outer loop
vertex 100 -142.18233589438998 1.2
vertex 95 -147.1823358943897 1.2
vertex 95 -151.01535496480938 1.2
endloop
endfacet
facet normal 0 0 1
outer loop
vertex 100 -142.18233589438998 1.2
vertex 95 -151.01535496480938 1.2
vertex 97.87822517587023 -149 1.2
endloop
endfacet
facet normal 0 0 1
outer loop
vertex 100 -142.18233589438998 1.2
vertex 97.87822517587023 -149 1.2
vertex 100 -147.5143172737607 1.2
endloop
endfacet
facet normal 0 0 1
outer loop
vertex 157.81614615883944 -142.16807466949655 1.2
vertex 156.171740796604 -139.96499245701517 1.2
vertex 155.6916914585012 -140.09362128948692 1.2
endloop
endfacet
facet normal 0 0 1
outer loop
vertex 157.81614615883944 -142.16807466949655 1.2
vertex 155.6916914585012 -140.09362128948692 1.2
vertex 157.98646214184186 -142.3962544852956 1.2
endloop
endfacet
facet normal 0 0 1
outer loop
vertex 146.13817560000004 -158.86279780000004 1.2
vertex 140.911552229348 -154.47714002450476 1.2
vertex 83.49999999999943 -159.5 1.2
endloop
endfacet
facet normal 0 0 1
outer loop
vertex 146.13817560000004 -158.86279780000004 1.2
vertex 83.49999999999943 -159.5 1.2
vertex 133.99073150001502 -159.50000300000005 1.2
endloop
endfacet
facet normal 0 0 1
outer loop
vertex 146.13817560000004 -158.86279780000004 1.2
vertex 133.99073150001502 -159.50000300000005 1.2
vertex 146.8975680945629 -159.50000376688357 1.2
endloop
endfacet
facet normal 0 0 -1
outer loop
vertex 160.69301997073083 -171.07576243488165 1.2
vertex 156.8627978 -167.8618244 1.2
vertex 150.47282435634537 -162.5 1.2
endloop
endfacet
facet normal 0 0 -1
outer loop
vertex 160.69301997073083 -171.07576243488165 1.2
vertex 150.47282435634537 -162.5 1.2
vertex 146.0305308190663 -162.5 1.2
endloop
endfacet
facet normal 0 0 -1
outer loop
vertex 160.69301997073083 -171.07576243488165 1.2
vertex 146.0305308190663 -162.5 1.2
vertex 143.68630331873135 -162.5 1.2
endloop
endfacet
facet normal 0 0 -1
outer loop
vertex 160.69301997073083 -171.07576243488165 1.2
vertex 143.68630331873135 -162.5 1.2
vertex 142.3708219925623 -162.5 1.2
endloop
endfacet
facet normal 0 0 -1
outer loop
vertex 160.69301997073083 -171.07576243488165 1.2
vertex 142.3708219925623 -162.5 1.2
vertex 141.91634334633204 -162.5 1.2
endloop
endfacet
facet normal 0 0 -1
outer loop
vertex 160.69301997073083 -171.07576243488165 1.2
vertex 141.91634334633204 -162.5 1.2
vertex 153.8377621059827 -172.5032579971992 1.2
endloop
endfacet
facet normal 0 0 -1
outer loop
vertex 160.69301997073083 -171.07576243488165 1.2
vertex 153.8377621059827 -172.5032579971992 1.2
vertex 163.39023033794754 -173.3389906761878 1.2
endloop
endfacet
facet normal 0 0 1
outer loop
vertex 75.5 -157 1.2
vertex 68.63213991321392 -157 1.2
vertex 68.15095226382127 -162.5 1.2
endloop
endfacet
facet normal 0 0 1
outer loop
vertex 75.5 -157 1.2
vertex 68.15095226382127 -162.5 1.2
vertex 75.5 -162.5 1.2
endloop
endfacet
facet normal 0 0 1
outer loop
vertex 75.03208888623797 -79.78557521937306 1.2
vertex 74.78557521937311 -80.03208888623791 1.2
vertex 74.74907546375705 -80.06858864185399 1.2
endloop
endfacet
facet normal 0 0 1
outer loop
vertex 75.03208888623797 -79.78557521937306 1.2
vertex 74.74907546375705 -80.06858864185399 1.2
vertex 74.69648139048583 -80.26487239547919 1.2
endloop
endfacet
facet normal 0 0 1
outer loop
vertex 57 -105 1.2
vertex 62 -105 1.2
vertex 62.47818093501461 -105 1.2
endloop
endfacet
facet normal 0 0 1
outer loop
vertex 57 -105 1.2
vertex 62.47818093501461 -105 1.2
vertex 64.80971922578944 -100 1.2
endloop
endfacet
facet normal 0 0 1
outer loop
vertex 57 -105 1.2
vertex 64.80971922578944 -100 1.2
vertex 62 -100 1.2
endloop
endfacet
facet normal 0 0 1
outer loop
vertex 57 -105 1.2
vertex 62 -100 1.2
vertex 59.31307204450229 -100 1.2
endloop
endfacet
facet normal 0 0 1
outer loop
vertex 57 -105 1.2
vertex 59.31307204450229 -100 1.2
vertex 57 -103.30340922980675 1.2
endloop
endfacet
facet normal 0 0 1
outer loop
vertex 62 -105 1.2
vertex 57 -105 1.2
vertex 57 -116.74799692694319 1.2
endloop
endfacet
facet normal 0 0 1
outer loop
vertex 62 -105 1.2
vertex 57 -116.74799692694319 1.2
vertex 62 -106.02546232439464 1.2
endloop
endfacet
facet normal 0 0 1
outer loop
vertex 37.5 -143 1.2
vertex 43 -143 1.2
vertex 43 -138 1.2
endloop
endfacet
facet normal 0 0 1
outer loop
vertex 37.5 -143 1.2
vertex 43 -138 1.2
vertex 43 -124 1.2
endloop
endfacet
facet normal 0 0 1
outer loop
vertex 37.5 -143 1.2
vertex 43 -124 1.2
vertex 43 -123.29748132419559 1.2
endloop
endfacet
facet normal 0 0 1
outer loop
vertex 37.5 -143 1.2
vertex 43 -123.29748132419559 1.2
vertex 37.5 -131.1522953612769 1.2
endloop
endfacet
facet normal 0 0 1
outer loop
vertex 43 -143 1.2
vertex 37.5 -143 1.2
vertex 37.5 -158.56588187688251 1.2
endloop
endfacet
facet normal 0 0 1
outer loop
vertex 43 -143 1.2
vertex 37.5 -158.56588187688251 1.2
vertex 38.230182710956385 -157 1.2
endloop
endfacet
facet normal 0 0 1
outer loop
vertex 43 -143 1.2
vertex 38.230182710956385 -157 1.2
vertex 43 -146.77109381407914 1.2
endloop
endfacet
facet normal 0 0 1
outer loop
vertex 92.18155041656266 -100 1.2
vertex 92.61899373419234 -95 1.2
vertex 88.80176564670113 -95 1.2
endloop
endfacet
facet normal 0 0 1
outer loop
vertex 92.18155041656266 -100 1.2
vertex 88.80176564670113 -95 1.2
vertex 87.46201968454548 -100 1.2
endloop
endfacet
facet normal 0 0 1
outer loop
vertex 92.84729635533397 -75.46961550602441 1.2
vertex 92.50000000000009 -75.5 1.2
vertex 88.99721380509355 -75.80645408280947 1.2
endloop
endfacet
facet normal 0 0 1
outer loop
vertex 92.84729635533397 -75.46961550602441 1.2
vertex 88.99721380509355 -75.80645408280947 1.2
vertex 88.9349685519833 -76.51792058145806 1.2
endloop
endfacet
facet normal 0 0 1
outer loop
vertex 100.05979558999312 -92 1.2
vertex 100 -92.22316017992287 1.2
vertex 100 -97 1.2
endloop
endfacet
facet normal 0 0 1
outer loop
vertex 100.05979558999312 -92 1.2
vertex 100 -97 1.2
vertex 111.37848548527147 -97 1.2
endloop
endfacet
facet normal 0 0 1
outer loop
vertex 100.05979558999312 -92 1.2
vertex 111.37848548527147 -97 1.2
vertex 113.71002377604628 -92 1.2
endloop
endfacet
facet normal 0 0 1
outer loop
vertex 133 -83 1.2
vertex 133 -77.5 1.2
vertex 121.50000000000009 -77.5 1.2
endloop
endfacet
facet normal 0 0 1
outer loop
vertex 133 -83 1.2
vertex 121.50000000000009 -77.5 1.2
vertex 120.4714848192933 -77.5 1.2
endloop
endfacet
facet normal 0 0 1
outer loop
vertex 133 -83 1.2
vertex 120.4714848192933 -77.5 1.2
vertex 119 -80.65560937839945 1.2
endloop
endfacet
facet normal 0 0 1
outer loop
vertex 133 -83 1.2
vertex 119 -80.65560937839945 1.2
vertex 119 -83 1.2
endloop
endfacet
facet normal 0 0 1
outer loop
vertex 138 -118 1.2
vertex 138 -104.18233589439221 1.2
vertex 133 -109.18233589439191 1.2
endloop
endfacet
facet normal 0 0 1
outer loop
vertex 138 -118 1.2
vertex 133 -109.18233589439191 1.2
vertex 133 -116 1.2
endloop
endfacet
facet normal 0 0 1
outer loop
vertex 138 -118 1.2
vertex 133 -116 1.2
vertex 133 -121 1.2
endloop
endfacet
facet normal 0 0 1
outer loop
vertex 138 -118 1.2
vertex 133 -121 1.2
vertex 133 -124.40746851283939 1.2
endloop
endfacet
facet normal 0 0 1
outer loop
vertex 138 -118 1.2
vertex 133 -124.40746851283939 1.2
vertex 135.01007335116378 -123 1.2
endloop
endfacet
facet normal 0 0 1
outer loop
vertex 138 -118 1.2
vertex 135.01007335116378 -123 1.2
vertex 138 -120.9064308217907 1.2
endloop
endfacet
facet normal 0 0 1
outer loop
vertex 100 -147.5143172737607 1.2
vertex 97.87822517587023 -149 1.2
vertex 100 -149 1.2
endloop
endfacet
facet normal 0 0 1
outer loop
vertex 157.5 -137 1.2
vertex 152 -137 1.2
vertex 138 -137 1.2
endloop
endfacet
facet normal 0 0 1
outer loop
vertex 157.5 -137 1.2
vertex 138 -137 1.2
vertex 133 -137 1.2
endloop
endfacet
facet normal 0 0 1
outer loop
vertex 157.5 -137 1.2
vertex 133 -137 1.2
vertex 133 -140 1.2
endloop
endfacet
facet normal 0 0 1
outer loop
vertex 157.5 -137 1.2
vertex 133 -140 1.2
vertex 133 -146.17384169068868 1.2
endloop
endfacet
facet normal 0 0 1
outer loop
vertex 157.5 -137 1.2
vertex 133 -146.17384169068868 1.2
vertex 148.00474412928747 -142.15333261861036 1.2
endloop
endfacet
facet normal 0 0 1
outer loop
vertex 157.5 -137 1.2
vertex 148.00474412928747 -142.15333261861036 1.2
vertex 155.39853950823232 -140.17217111782108 1.2
endloop
endfacet
facet normal 0 0 1
outer loop
vertex 157.5 -137 1.2
vertex 155.39853950823232 -140.17217111782108 1.2
vertex 155.6916914585012 -140.09362128948692 1.2
endloop
endfacet
facet normal 0 0 1
outer loop
vertex 157.5 -137 1.2
vertex 155.6916914585012 -140.09362128948692 1.2
vertex 156.171740796604 -139.96499245701517 1.2
endloop
endfacet
facet normal 0 0 1
outer loop
vertex 157.5 -137 1.2
vertex 156.171740796604 -139.96499245701517 1.2
vertex 156.5596652821086 -139.86104840439995 1.2
endloop
endfacet
facet normal 0 0 1
outer loop
vertex 157.5 -137 1.2
vertex 156.5596652821086 -139.86104840439995 1.2
vertex 156.8823846176722 -139.77457601905377 1.2
endloop
endfacet
facet normal 0 0 1
outer loop
vertex 157.5 -137 1.2
vertex 156.8823846176722 -139.77457601905377 1.2
vertex 157.15735077095732 -139.70089906033513 1.2
endloop
endfacet
facet normal 0 0 1
outer loop
vertex 157.5 -137 1.2
vertex 157.15735077095732 -139.70089906033513 1.2
vertex 157.39639353519524 -139.63684774470107 1.2
endloop
endfacet
facet normal 0 0 1
outer loop
vertex 157.5 -137 1.2
vertex 157.39639353519524 -139.63684774470107 1.2
vertex 157.5 -139.609086476126 1.2
endloop
endfacet
facet normal 0 0 1
outer loop
vertex 133 -140 1.2
vertex 133 -137 1.2
vertex 133 -136.21941245560313 1.2
endloop
endfacet
facet normal 0 0 1
outer loop
vertex 133 -140 1.2
vertex 133 -136.21941245560313 1.2
vertex 124.8925038474489 -140 1.2
endloop
endfacet
facet normal 0 0 1
outer loop
vertex 133 -154 1.2
vertex 119 -154 1.2
vertex 103.7923795615736 -154 1.2
endloop
endfacet
facet normal 0 0 1
outer loop
vertex 133 -154 1.2
vertex 103.7923795615736 -154 1.2
vertex 83.15270364466636 -159.53038449397553 1.2
endloop
endfacet
facet normal 0 0 1
outer loop
vertex 133 -154 1.2
vertex 83.15270364466636 -159.53038449397553 1.2
vertex 83.49999999999943 -159.5 1.2
endloop
endfacet
facet normal 0 0 1
outer loop
vertex 133 -154 1.2
vertex 83.49999999999943 -159.5 1.2
vertex 140.911552229348 -154.47714002450476 1.2
endloop
endfacet
facet normal 0 0 1
outer loop
vertex 133 -154 1.2
vertex 140.911552229348 -154.47714002450476 1.2
vertex 146.36528766517733 -154 1.2
endloop
endfacet
facet normal 0 0 1
outer loop
vertex 157.67995908186202 -141.91802139023685 1.2
vertex 156.5596652821086 -139.86104840439995 1.2
vertex 156.171740796604 -139.96499245701517 1.2
endloop
endfacet
facet normal 0 0 1
outer loop
vertex 157.67995908186202 -141.91802139023685 1.2
vertex 156.171740796604 -139.96499245701517 1.2
vertex 157.81614615883944 -142.16807466949655 1.2
endloop
endfacet
facet normal 0 0 -1
outer loop
vertex 169.6765392106345 -152.59100215378612 1.2
vertex 165.8618244 -157.1372022 1.2
vertex 163.8791976151722 -159.50000477587844 1.2
endloop
endfacet
facet normal 0 0 -1
outer loop
vertex 169.6765392106345 -152.59100215378612 1.2
vertex 163.8791976151722 -159.50000477587844 1.2
vertex 177.61985921824146 -159.50000559230523 1.2
endloop
endfacet
facet normal 0 0 1
outer loop
vertex 146.8975680945629 -159.50000376688357 1.2
vertex 133.99073150001502 -159.50000300000005 1.2
vertex 134.00000159270238 -159.50002151645964 1.2
endloop
endfacet
facet normal 0 0 1
outer loop
vertex 146.8975680945629 -159.50000376688357 1.2
vertex 134.00000159270238 -159.50002151645964 1.2
vertex 146.92836466011028 -159.52584515386962 1.2
endloop
endfacet
facet normal 0 0 1
outer loop
vertex 68.63213991321392 -157 1.2
vertex 68.544651249688 -157 1.2
vertex 68.06346360029535 -162.5 1.2
endloop
endfacet
facet normal 0 0 1
outer loop
vertex 68.63213991321392 -157 1.2
vertex 68.06346360029535 -162.5 1.2
vertex 68.15095226382127 -162.5 1.2
endloop
endfacet
facet normal 0 0 1
outer loop
vertex 75.37938524157185 -79.18404028665124 1.2
vertex 75.34649462753032 -79.25457443608316 1.2
vertex 75.33971166012041 -79.33210410834621 1.2
endloop
endfacet
facet normal 0 0 1
outer loop
vertex 74.78557521937311 -80.03208888623791 1.2
vertex 74.75268460533157 -80.05511914212617 1.2
vertex 74.74907546375705 -80.06858864185399 1.2
endloop
endfacet
facet normal 0 0 -1
outer loop
vertex 71.33802643995895 -86 1.2
vertex 73.79867380547336 -80.72312469572037 1.2
vertex 73.89642150234035 -80.51350408332523 1.2
endloop
endfacet
facet normal 0 0 -1
outer loop
vertex 71.33802643995895 -86 1.2
vertex 73.89642150234035 -80.51350408332523 1.2
vertex 73.92682377556413 -80.44830619799758 1.2
endloop
endfacet
facet normal 0 0 -1
outer loop
vertex 71.33802643995895 -86 1.2
vertex 73.92682377556413 -80.44830619799758 1.2
vertex 73.84729635533381 -80.46961550602444 1.2
endloop
endfacet
facet normal 0 0 -1
outer loop
vertex 71.33802643995895 -86 1.2
vertex 73.84729635533381 -80.46961550602444 1.2
vertex 72.79003016099712 -80.75290912898168 1.2
endloop
endfacet
facet normal 0 0 -1
outer loop
vertex 71.33802643995895 -86 1.2
vertex 72.79003016099712 -80.75290912898168 1.2
vertex 69.1159775794386 -86 1.2
endloop
endfacet
facet normal 0 0 1
outer loop
vertex 43 -138 1.2
vertex 43 -143 1.2
vertex 44.75848992512593 -143 1.2
endloop
endfacet
facet normal 0 0 1
outer loop
vertex 43 -138 1.2
vertex 44.75848992512593 -143 1.2
vertex 47.09002821590076 -138 1.2
endloop
endfacet
facet normal 0 0 1
outer loop
vertex 55.81203435345362 -105 1.2
vertex 57 -103.30340922980675 1.2
vertex 57 -100 1.2
endloop
endfacet
facet normal 0 0 1
outer loop
vertex 55.81203435345362 -105 1.2
vertex 57 -100 1.2
vertex 52.18233589438896 -100 1.2
endloop
endfacet
facet normal 0 0 1
outer loop
vertex 55.81203435345362 -105 1.2
vertex 52.18233589438896 -100 1.2
vertex 47.18233589438897 -105 1.2
endloop
endfacet
facet normal 0 0 1
outer loop
vertex 37.5 -82.49999999999994 1.2
vertex 37.5 -86.15529441327479 1.2
vertex 43 -84.68157385490358 1.2
endloop
endfacet
facet normal 0 0 1
outer loop
vertex 37.5 -82.49999999999994 1.2
vertex 43 -84.68157385490358 1.2
vertex 58.60584608210138 -80.5 1.2
endloop
endfacet
facet normal 0 0 1
outer loop
vertex 37.5 -82.49999999999994 1.2
vertex 58.60584608210138 -80.5 1.2
vertex 39.500000000000014 -80.5 1.2
endloop
endfacet
facet normal 0 0 1
outer loop
vertex 37.5 -82.49999999999994 1.2
vertex 39.500000000000014 -80.5 1.2
vertex 39.152703644666104 -80.53038449397559 1.2
endloop
endfacet
facet normal 0 0 1
outer loop
vertex 37.5 -82.49999999999994 1.2
vertex 39.152703644666104 -80.53038449397559 1.2
vertex 38.81595971334875 -80.62061475842816 1.2
endloop
endfacet
facet normal 0 0 1
outer loop
vertex 37.5 -82.49999999999994 1.2
vertex 38.81595971334875 -80.62061475842816 1.2
vertex 38.49999999999997 -80.76794919243113 1.2
endloop
endfacet
facet normal 0 0 1
outer loop
vertex 37.5 -82.49999999999994 1.2
vertex 38.49999999999997 -80.76794919243113 1.2
vertex 38.214424780626956 -80.96791111376203 1.2
endloop
endfacet
facet normal 0 0 1
outer loop
vertex 37.5 -82.49999999999994 1.2
vertex 38.214424780626956 -80.96791111376203 1.2
vertex 37.96791111376207 -81.21442478062691 1.2
endloop
endfacet
facet normal 0 0 1
outer loop
vertex 37.5 -82.49999999999994 1.2
vertex 37.96791111376207 -81.21442478062691 1.2
vertex 37.76794919243103 -81.50000000000016 1.2
endloop
endfacet
facet normal 0 0 1
outer loop
vertex 37.5 -82.49999999999994 1.2
vertex 37.76794919243103 -81.50000000000016 1.2
vertex 37.620614758428204 -81.81595971334858 1.2
endloop
endfacet
facet normal 0 0 1
outer loop
vertex 37.5 -82.49999999999994 1.2
vertex 37.620614758428204 -81.81595971334858 1.2
vertex 37.530384493975575 -82.15270364466616 1.2
endloop
endfacet
facet normal 0 0 1
outer loop
vertex 93.84383502355547 -81 1.2
vertex 94.4696155060244 -73.847296355334 1.2
vertex 94.37938524157187 -74.1840402866512 1.2
endloop
endfacet
facet normal 0 0 1
outer loop
vertex 93.84383502355547 -81 1.2
vertex 94.37938524157187 -74.1840402866512 1.2
vertex 92.55305434073694 -81 1.2
endloop
endfacet
facet normal 0 0 1
outer loop
vertex 92.50000000000009 -75.5 1.2
vertex 89.0240250632306 -75.5 1.2
vertex 88.99721380509355 -75.80645408280947 1.2
endloop
endfacet
facet normal 0 0 1
outer loop
vertex 105.28480484240015 -72.5 1.2
vertex 103.81108428402894 -78 1.2
vertex 114 -78 1.2
endloop
endfacet
facet normal 0 0 1
outer loop
vertex 105.28480484240015 -72.5 1.2
vertex 114 -78 1.2
vertex 114 -74.2010510295616 1.2
endloop
endfacet
facet normal 0 0 1
outer loop
vertex 105.28480484240015 -72.5 1.2
vertex 114 -74.2010510295616 1.2
vertex 110.352084294965 -72.5 1.2
endloop
endfacet
facet normal 0 0 1
outer loop
vertex 119.23205080756881 -73.49999999999989 1.2
vertex 119.03208888623799 -73.21442478062694 1.2
vertex 118.78557521937311 -72.96791111376207 1.2
endloop
endfacet
facet normal 0 0 1
outer loop
vertex 119.23205080756881 -73.49999999999989 1.2
vertex 118.78557521937311 -72.96791111376207 1.2
vertex 118.75268460533164 -72.94488085787388 1.2
endloop
endfacet
facet normal 0 0 1
outer loop
vertex 119.23205080756881 -73.49999999999989 1.2
vertex 118.75268460533164 -72.94488085787388 1.2
vertex 119.5303844939756 -75.8472963553339 1.2
endloop
endfacet
facet normal 0 0 1
outer loop
vertex 119.23205080756881 -73.49999999999989 1.2
vertex 119.5303844939756 -75.8472963553339 1.2
vertex 119.5 -75.49999999999989 1.2
endloop
endfacet
facet normal 0 0 1
outer loop
vertex 119.23205080756881 -73.49999999999989 1.2
vertex 119.5 -75.49999999999989 1.2
vertex 119.34649462753032 -73.74542556391691 1.2
endloop
endfacet
facet normal 0 0 1
outer loop
vertex 119.3793852415718 -73.81595971334863 1.2
vertex 119.34649462753032 -73.74542556391691 1.2
vertex 119.5 -75.49999999999989 1.2
endloop
endfacet
facet normal 0 0 1
outer loop
vertex 119.3793852415718 -73.81595971334863 1.2
vertex 119.5 -75.49999999999989 1.2
vertex 119.5 -74.50000000000007 1.2
endloop
endfacet
facet normal 0 0 1
outer loop
vertex 119.3793852415718 -73.81595971334863 1.2
vertex 119.5 -74.50000000000007 1.2
vertex 119.46961550602441 -74.15270364466615 1.2
endloop
endfacet
facet normal 0 0 1
outer loop
vertex 114 -97 1.2
vertex 114 -92 1.2
vertex 113.71002377604628 -92 1.2
endloop
endfacet
facet normal 0 0 1
outer loop
vertex 114 -97 1.2
vertex 113.71002377604628 -92 1.2
vertex 111.37848548527147 -97 1.2
endloop
endfacet
facet normal 0 0 1
outer loop
vertex 138 -118 1.2
vertex 138 -120.9064308217907 1.2
vertex 142.15081338487408 -118 1.2
endloop
endfacet
facet normal 0 0 1
outer loop
vertex 133 -121 1.2
vertex 133 -116 1.2
vertex 126.18233589439151 -116 1.2
endloop
endfacet
facet normal 0 0 1
outer loop
vertex 133 -121 1.2
vertex 126.18233589439151 -116 1.2
vertex 121.18233589439123 -121 1.2
endloop
endfacet
facet normal 0 0 1
outer loop
vertex 157.5 -107.25238382670084 1.2
vertex 152 -111.10352528685439 1.2
vertex 152 -118 1.2
endloop
endfacet
facet normal 0 0 1
outer loop
vertex 157.5 -107.25238382670084 1.2
vertex 152 -118 1.2
vertex 152 -123 1.2
endloop
endfacet
facet normal 0 0 1
outer loop
vertex 157.5 -107.25238382670084 1.2
vertex 152 -123 1.2
vertex 152 -127.35956695065791 1.2
endloop
endfacet
facet normal 0 0 1
outer loop
vertex 157.5 -107.25238382670084 1.2
vertex 152 -127.35956695065791 1.2
vertex 157.5 -124.79487483080536 1.2
endloop
endfacet
facet normal 0 0 1
outer loop
vertex 152 -137 1.2
vertex 157.5 -137 1.2
vertex 157.5 -124.79487483080536 1.2
endloop
endfacet
facet normal 0 0 1
outer loop
vertex 152 -137 1.2
vertex 157.5 -124.79487483080536 1.2
vertex 152 -127.35956695065791 1.2
endloop
endfacet
facet normal 0 0 1
outer loop
vertex 119 -142.7477196697733 1.2
vertex 114 -145.07925796054835 1.2
vertex 114 -149 1.2
endloop
endfacet
facet normal 0 0 1
outer loop
vertex 119 -142.7477196697733 1.2
vertex 114 -149 1.2
vertex 119 -149 1.2
endloop
endfacet
facet normal 0 0 1
outer loop
vertex 155.1372022 -148.13817560000007 1.2
vertex 148.00474412928747 -142.15333261861036 1.2
vertex 133 -146.17384169068868 1.2
endloop
endfacet
facet normal 0 0 1
outer loop
vertex 155.1372022 -148.13817560000007 1.2
vertex 133 -146.17384169068868 1.2
vertex 133 -154 1.2
endloop
endfacet
facet normal 0 0 1
outer loop
vertex 155.1372022 -148.13817560000007 1.2
vertex 133 -154 1.2
vertex 146.36528766517733 -154 1.2
endloop
endfacet
facet normal 0 0 1
outer loop
vertex 155.1372022 -148.13817560000007 1.2
vertex 146.36528766517733 -154 1.2
vertex 150.52383340787452 -153.63617439075995 1.2
endloop
endfacet
facet normal 0 0 1
outer loop
vertex 157.58066120378058 -141.65116282505173 1.2
vertex 156.8823846176722 -139.77457601905377 1.2
vertex 156.5596652821086 -139.86104840439995 1.2
endloop
endfacet
facet normal 0 0 1
outer loop
vertex 157.58066120378058 -141.65116282505173 1.2
vertex 156.5596652821086 -139.86104840439995 1.2
vertex 157.67995908186202 -141.91802139023685 1.2
endloop
endfacet
facet normal 0 0 1
outer loop
vertex 165.8618244 -157.1372022 1.2
vertex 169.6765392106345 -152.59100215378612 1.2
vertex 169.01792869369015 -152.0181507110826 1.2
endloop
endfacet
facet normal 0 0 1
outer loop
vertex 165.8618244 -157.1372022 1.2
vertex 169.01792869369015 -152.0181507110826 1.2
vertex 160.63520095016827 -152.75154435806513 1.2
endloop
endfacet
facet normal 0 0 1
outer loop
vertex 177.61985921824146 -159.50000559230523 1.2
vertex 163.8791976151722 -159.50000477587844 1.2
vertex 163.829188309301 -159.55960354536677 1.2
endloop
endfacet
facet normal 0 0 1
outer loop
vertex 177.61985921824146 -159.50000559230523 1.2
vertex 163.829188309301 -159.55960354536677 1.2
vertex 177.72027977556672 -159.58735017557692 1.2
endloop
endfacet
facet normal 0 0 1
outer loop
vertex 146.92836466011028 -159.52584515386962 1.2
vertex 134.00000159270238 -159.50002151645964 1.2
vertex 134.00927299999532 -159.50008599999998 1.2
endloop
endfacet
facet normal 0 0 1
outer loop
vertex 146.92836466011028 -159.52584515386962 1.2
vertex 134.00927299999532 -159.50008599999998 1.2
vertex 147.00538780123736 -159.590475243666 1.2
endloop
endfacet
facet normal 0 0 1
outer loop
vertex 187.37012107521315 -168.90759439168724 1.2
vertex 187.34312559673543 -168.56395722277335 1.2
vertex 187.25752620335612 -168.23005902935142 1.2
endloop
endfacet
facet normal 0 0 1
outer loop
vertex 187.37012107521315 -168.90759439168724 1.2
vertex 187.25752620335612 -168.23005902935142 1.2
vertex 187.1158655236141 -167.91581786156382 1.2
endloop
endfacet
facet normal 0 0 1
outer loop
vertex 187.37012107521315 -168.90759439168724 1.2
vertex 187.1158655236141 -167.91581786156382 1.2
vertex 186.9223514201233 -167.63056788090194 1.2
endloop
endfacet
facet normal 0 0 1
outer loop
vertex 187.37012107521315 -168.90759439168724 1.2
vertex 186.9223514201233 -167.63056788090194 1.2
vertex 186.68273400000007 -167.38278420000003 1.2
endloop
endfacet
facet normal 0 0 1
outer loop
vertex 187.37012107521315 -168.90759439168724 1.2
vertex 186.68273400000007 -167.38278420000003 1.2
vertex 181.06896961649286 -162.5 1.2
endloop
endfacet
facet normal 0 0 1
outer loop
vertex 187.37012107521315 -168.90759439168724 1.2
vertex 181.06896961649286 -162.5 1.2
vertex 175.5463117133872 -162.5 1.2
endloop
endfacet
facet normal 0 0 1
outer loop
vertex 187.37012107521315 -168.90759439168724 1.2
vertex 175.5463117133872 -162.5 1.2
vertex 172.252957896593 -162.5 1.2
endloop
endfacet
facet normal 0 0 1
outer loop
vertex 187.37012107521315 -168.90759439168724 1.2
vertex 172.252957896593 -162.5 1.2
vertex 180.41666877073087 -169.35016683488166 1.2
endloop
endfacet
facet normal 0 0 1
outer loop
vertex 187.37012107521315 -168.90759439168724 1.2
vertex 180.41666877073087 -169.35016683488166 1.2
vertex 184.62991120726616 -172.8854970359427 1.2
endloop
endfacet
facet normal 0 0 1
outer loop
vertex 187.37012107521315 -168.90759439168724 1.2
vertex 184.62991120726616 -172.8854970359427 1.2
vertex 186.9022720000004 -170.17740209999957 1.2
endloop
endfacet
facet normal 0 0 1
outer loop
vertex 187.37012107521315 -168.90759439168724 1.2
vertex 186.9022720000004 -170.17740209999957 1.2
vertex 187.10025963012788 -169.89523874654367 1.2
endloop
endfacet
facet normal 0 0 1
outer loop
vertex 187.37012107521315 -168.90759439168724 1.2
vertex 187.10025963012788 -169.89523874654367 1.2
vertex 187.24685739107875 -169.58327022857836 1.2
endloop
endfacet
facet normal 0 0 1
outer loop
vertex 187.37012107521315 -168.90759439168724 1.2
vertex 187.24685739107875 -169.58327022857836 1.2
vertex 187.33771077009254 -169.25076320122497 1.2
endloop
endfacet
facet normal 0 0 1
outer loop
vertex 81 -138 1.2
vertex 76 -138 1.2
vertex 75.5 -138 1.2
endloop
endfacet
facet normal 0 0 1
outer loop
vertex 81 -138 1.2
vertex 75.5 -138 1.2
vertex 75.5 -143 1.2
endloop
endfacet
facet normal 0 0 1
outer loop
vertex 81 -138 1.2
vertex 75.5 -143 1.2
vertex 76 -143 1.2
endloop
endfacet
facet normal 0 0 1
outer loop
vertex 81 -138 1.2
vertex 76 -143 1.2
vertex 81 -143 1.2
endloop
endfacet
facet normal 0 0 1
outer loop
vertex 81 -152 1.2
vertex 76 -152 1.2
vertex 76 -157 1.2
endloop
endfacet
facet normal 0 0 1
outer loop
vertex 81 -152 1.2
vertex 76 -157 1.2
vertex 81.5 -157 1.2
endloop
endfacet
facet normal 0 0 1
outer loop
vertex 81 -152 1.2
vertex 81.5 -157 1.2
vertex 81.5 -152 1.2
endloop
endfacet
facet normal 0 0 1
outer loop
vertex 75.5 -143 1.2
vertex 75.5 -138 1.2
vertex 70.29442452020673 -138 1.2
endloop
endfacet
facet normal 0 0 1
outer loop
vertex 75.5 -143 1.2
vertex 70.29442452020673 -138 1.2
vertex 69.85698120257705 -143 1.2
endloop
endfacet
facet normal 0 0 1
outer loop
vertex 62 -143 1.2
vertex 69.76949253905111 -143 1.2
vertex 70.2069358566808 -138 1.2
endloop
endfacet
facet normal 0 0 1
outer loop
vertex 62 -143 1.2
vertex 70.2069358566808 -138 1.2
vertex 62 -138 1.2
endloop
endfacet
facet normal 0 0 1
outer loop
vertex 62 -143 1.2
vertex 62 -138 1.2
vertex 59.22640057394624 -138 1.2
endloop
endfacet
facet normal 0 0 1
outer loop
vertex 62 -143 1.2
vertex 59.22640057394624 -138 1.2
vertex 57.8866546117906 -143 1.2
endloop
endfacet
facet normal 0 0 1
outer loop
vertex 57 -157 1.2
vertex 62 -157 1.2
vertex 62 -143 1.2
endloop
endfacet
facet normal 0 0 1
outer loop
vertex 57 -157 1.2
vertex 62 -143 1.2
vertex 57.8866546117906 -143 1.2
endloop
endfacet
facet normal 0 0 1
outer loop
vertex 57 -157 1.2
vertex 57.8866546117906 -143 1.2
vertex 57 -146.30904005996769 1.2
endloop
endfacet
facet normal 0 0 1
outer loop
vertex 62 -119 1.2
vertex 57 -119 1.2
vertex 57 -124 1.2
endloop
endfacet
facet normal 0 0 1
outer loop
vertex 62 -119 1.2
vertex 57 -124 1.2
vertex 62 -124 1.2
endloop
endfacet
facet normal 0 0 1
outer loop
vertex 62 -119 1.2
vertex 62 -124 1.2
vertex 62.97768926798207 -124 1.2
endloop
endfacet
facet normal 0 0 1
outer loop
vertex 62 -119 1.2
vertex 62.97768926798207 -124 1.2
vertex 64.31743523013772 -119 1.2
endloop
endfacet
facet normal 0 0 1
outer loop
vertex 62 -124 1.2
vertex 57 -124 1.2
vertex 57 -138 1.2
endloop
endfacet
facet normal 0 0 1
outer loop
vertex 62 -124 1.2
vertex 57 -138 1.2
vertex 57 -143 1.2
endloop
endfacet
facet normal 0 0 1
outer loop
vertex 62 -124 1.2
vertex 57 -143 1.2
vertex 57 -146.30904005996769 1.2
endloop
endfacet
facet normal 0 0 1
outer loop
vertex 62 -124 1.2
vertex 57 -146.30904005996769 1.2
vertex 57.8866546117906 -143 1.2
endloop
endfacet
facet normal 0 0 1
outer loop
vertex 62 -124 1.2
vertex 57.8866546117906 -143 1.2
vertex 59.22640057394624 -138 1.2
endloop
endfacet
facet normal 0 0 1
outer loop
vertex 62 -124 1.2
vertex 59.22640057394624 -138 1.2
vertex 62 -127.64878602212382 1.2
endloop
endfacet
facet normal 0 0 1
outer loop
vertex 57 -143 1.2
vertex 57 -138 1.2
vertex 47.09002821590076 -138 1.2
endloop
endfacet
facet normal 0 0 1
outer loop
vertex 57 -143 1.2
vertex 47.09002821590076 -138 1.2
vertex 44.75848992512593 -143 1.2
endloop
endfacet
facet normal 0 0 1
outer loop
vertex 43 -157 1.2
vertex 43 -146.77109381407914 1.2
vertex 38.230182710956385 -157 1.2
endloop
endfacet
facet normal 0 0 1
outer loop
vertex 62 -100 1.2
vertex 62 -96.16266919609645 1.2
vertex 59.31307204450229 -100 1.2
endloop
endfacet
facet normal 0 0 1
outer loop
vertex 119 -135 1.2
vertex 119 -134.2103740477757 1.2
vertex 114 -137.71141173882438 1.2
endloop
endfacet
facet normal 0 0 1
outer loop
vertex 119 -135 1.2
vertex 114 -137.71141173882438 1.2
vertex 114 -140 1.2
endloop
endfacet
facet normal 0 0 1
outer loop
vertex 119 -135 1.2
vertex 114 -140 1.2
vertex 119 -140 1.2
endloop
endfacet
facet normal 0 0 1
outer loop
vertex 119 -140 1.2
vertex 114 -140 1.2
vertex 114 -145.07925796054835 1.2
endloop
endfacet
facet normal 0 0 1
outer loop
vertex 119 -140 1.2
vertex 114 -145.07925796054835 1.2
vertex 119 -142.7477196697733 1.2
endloop
endfacet
facet normal 0 0 1
outer loop
vertex 138 -137 1.2
vertex 138 -133.88787416482808 1.2
vertex 133 -136.21941245560313 1.2
endloop
endfacet
facet normal 0 0 1
outer loop
vertex 138 -137 1.2
vertex 133 -136.21941245560313 1.2
vertex 133 -137 1.2
endloop
endfacet
facet normal 0 0 1
outer loop
vertex 119 -149.9251303847245 1.2
vertex 103.7923795615736 -154 1.2
vertex 119 -154 1.2
endloop
endfacet
facet normal 0 0 1
outer loop
vertex 157.52026513277397 -141.3729077675757 1.2
vertex 157.15735077095732 -139.70089906033513 1.2
vertex 156.8823846176722 -139.77457601905377 1.2
endloop
endfacet
facet normal 0 0 1
outer loop
vertex 157.52026513277397 -141.3729077675757 1.2
vertex 156.8823846176722 -139.77457601905377 1.2
vertex 157.58066120378058 -141.65116282505173 1.2
endloop
endfacet
facet normal 0 0 1
outer loop
vertex 150.52383340787452 -153.63617439075995 1.2
vertex 146.36528766517733 -154 1.2
vertex 140.911552229348 -154.47714002450476 1.2
endloop
endfacet
facet normal 0 0 1
outer loop
vertex 150.52383340787452 -153.63617439075995 1.2
vertex 140.911552229348 -154.47714002450476 1.2
vertex 146.13817560000004 -158.86279780000004 1.2
endloop
endfacet
facet normal 0 0 1
outer loop
vertex 177.72027977556672 -159.58735017557692 1.2
vertex 163.829188309301 -159.55960354536677 1.2
vertex 163.70581982866938 -159.70662837427017 1.2
endloop
endfacet
facet normal 0 0 1
outer loop
vertex 177.72027977556672 -159.58735017557692 1.2
vertex 163.70581982866938 -159.70662837427017 1.2
vertex 177.97148735289682 -159.80584748072056 1.2
endloop
endfacet
facet normal 0 0 1
outer loop
vertex 147.00538780123736 -159.590475243666 1.2
vertex 134.00927299999532 -159.50008599999998 1.2
vertex 137.67216604999996 -159.53406095 1.2
endloop
endfacet
facet normal 0 0 1
outer loop
vertex 147.00538780123736 -159.590475243666 1.2
vertex 137.67216604999996 -159.53406095 1.2
vertex 147.0417273757082 -159.62096776743022 1.2
endloop
endfacet
facet normal 0 0 1
outer loop
vertex 180.41666877073087 -169.35016683488166 1.2
vertex 176.13409899440487 -174.45393471309134 1.2
vertex 182.82280681564768 -175.03912082108735 1.2
endloop
endfacet
facet normal 0 0 1
outer loop
vertex 180.41666877073087 -169.35016683488166 1.2
vertex 182.82280681564768 -175.03912082108735 1.2
vertex 184.62991120726616 -172.8854970359427 1.2
endloop
endfacet
facet normal 0 0 1
outer loop
vertex 81 -143 1.2
vertex 76 -143 1.2
vertex 76 -152 1.2
endloop
endfacet
facet normal 0 0 1
outer loop
vertex 81 -143 1.2
vertex 76 -152 1.2
vertex 81 -152 1.2
endloop
endfacet
facet normal 0 0 1
outer loop
vertex 69.85698120257705 -143 1.2
vertex 70.29442452020673 -138 1.2
vertex 70.2069358566808 -138 1.2
endloop
endfacet
facet normal 0 0 1
outer loop
vertex 69.85698120257705 -143 1.2
vertex 70.2069358566808 -138 1.2
vertex 69.76949253905111 -143 1.2
endloop
endfacet
facet normal 0 0 1
outer loop
vertex 43 -124 1.2
vertex 53.61833543007027 -124 1.2
vertex 55.94987372084509 -119 1.2
endloop
endfacet
facet normal 0 0 1
outer loop
vertex 43 -124 1.2
vertex 55.94987372084509 -119 1.2
vertex 46.00912881851731 -119 1.2
endloop
endfacet
facet normal 0 0 1
outer loop
vertex 43 -124 1.2
vertex 46.00912881851731 -119 1.2
vertex 43 -123.29748132419559 1.2
endloop
endfacet
facet normal 0 0 1
outer loop
vertex 152 -104 1.2
vertex 152 -99 1.2
vertex 143.1823358943925 -99 1.2
endloop
endfacet
facet normal 0 0 1
outer loop
vertex 152 -104 1.2
vertex 143.1823358943925 -99 1.2
vertex 138.18233589439222 -104 1.2
endloop
endfacet
facet normal 0 0 1
outer loop
vertex 138 -123 1.2
vertex 152 -123 1.2
vertex 152 -118 1.2
endloop
endfacet
facet normal 0 0 1
outer loop
vertex 138 -123 1.2
vertex 152 -118 1.2
vertex 142.15081338487408 -118 1.2
endloop
endfacet
facet normal 0 0 1
outer loop
vertex 138 -123 1.2
vertex 142.15081338487408 -118 1.2
vertex 138 -120.9064308217907 1.2
endloop
endfacet
facet normal 0 0 1
outer loop
vertex 138 -123 1.2
vertex 138 -120.9064308217907 1.2
vertex 135.01007335116378 -123 1.2
endloop
endfacet
facet normal 0 0 1
outer loop
vertex 138 -123 1.2
vertex 135.01007335116378 -123 1.2
vertex 133 -124.40746851283939 1.2
endloop
endfacet
facet normal 0 0 1
outer loop
vertex 138 -123 1.2
vertex 133 -124.40746851283939 1.2
vertex 133 -135 1.2
endloop
endfacet
facet normal 0 0 1
outer loop
vertex 138 -123 1.2
vertex 133 -135 1.2
vertex 133 -136.21941245560313 1.2
endloop
endfacet
facet normal 0 0 1
outer loop
vertex 138 -123 1.2
vertex 133 -136.21941245560313 1.2
vertex 138 -133.88787416482808 1.2
endloop
endfacet
facet normal 0 0 1
outer loop
vertex 133 -135 1.2
vertex 119 -135 1.2
vertex 119 -140 1.2
endloop
endfacet
facet normal 0 0 1
outer loop
vertex 133 -135 1.2
vertex 119 -140 1.2
vertex 124.8925038474489 -140 1.2
endloop
endfacet
facet normal 0 0 1
outer loop
vertex 133 -135 1.2
vertex 124.8925038474489 -140 1.2
vertex 133 -136.21941245560313 1.2
endloop
endfacet
facet normal 0 0 1
outer loop
vertex 157.5 -141.0888920000001 1.2
vertex 157.39639353519524 -139.63684774470107 1.2
vertex 157.15735077095732 -139.70089906033513 1.2
endloop
endfacet
facet normal 0 0 1
outer loop
vertex 157.5 -141.0888920000001 1.2
vertex 157.15735077095732 -139.70089906033513 1.2
vertex 157.52026513277397 -141.3729077675757 1.2
endloop
endfacet
facet normal 0 0 1
outer loop
vertex 177.97148735289682 -159.80584748072056 1.2
vertex 163.70581982866938 -159.70662837427017 1.2
vertex 163.64844718780856 -159.77500242462008 1.2
endloop
endfacet
facet normal 0 0 1
outer loop
vertex 177.97148735289682 -159.80584748072056 1.2
vertex 163.64844718780856 -159.77500242462008 1.2
vertex 169.0653104975148 -159.82524622305803 1.2
endloop
endfacet
facet normal 0 0 1
outer loop
vertex 177.97148735289682 -159.80584748072056 1.2
vertex 169.0653104975148 -159.82524622305803 1.2
vertex 178.0900300492486 -159.9089544808064 1.2
endloop
endfacet
facet normal 0 0 1
outer loop
vertex 147.0417273757082 -159.62096776743022 1.2
vertex 137.67216604999996 -159.53406095 1.2
vertex 137.94665301397114 -159.555556130707 1.2
endloop
endfacet
facet normal 0 0 1
outer loop
vertex 147.0417273757082 -159.62096776743022 1.2
vertex 137.94665301397114 -159.555556130707 1.2
vertex 147.89193282743932 -160.334374853751 1.2
endloop
endfacet
facet normal 0 0 1
outer loop
vertex 147.89193282743932 -160.334374853751 1.2
vertex 137.94665301397114 -159.555556130707 1.2
vertex 138.215586950602 -159.61454489160204 1.2
endloop
endfacet
facet normal 0 0 1
outer loop
vertex 147.89193282743932 -160.334374853751 1.2
vertex 138.215586950602 -159.61454489160204 1.2
vertex 150.15509226066425 -162.23339111370206 1.2
endloop
endfacet
facet normal 0 0 1
outer loop
vertex 167.88893912085072 -162.5 1.2
vertex 161.3619027102064 -162.5 1.2
vertex 156.8627978 -167.8618244 1.2
endloop
endfacet
facet normal 0 0 1
outer loop
vertex 167.88893912085072 -162.5 1.2
vertex 156.8627978 -167.8618244 1.2
vertex 160.69301997073083 -171.07576243488165 1.2
endloop
endfacet
facet normal 0 0 1
outer loop
vertex 81 -119 1.2
vertex 76 -119 1.2
vertex 75.5 -119 1.2
endloop
endfacet
facet normal 0 0 1
outer loop
vertex 81 -119 1.2
vertex 75.5 -119 1.2
vertex 75.5 -124 1.2
endloop
endfacet
facet normal 0 0 1
outer loop
vertex 81 -119 1.2
vertex 75.5 -124 1.2
vertex 76 -124 1.2
endloop
endfacet
facet normal 0 0 1
outer loop
vertex 81 -119 1.2
vertex 76 -124 1.2
vertex 81 -124 1.2
endloop
endfacet
facet normal 0 0 1
outer loop
vertex 81 -133 1.2
vertex 81 -124 1.2
vertex 76 -124 1.2
endloop
endfacet
facet normal 0 0 1
outer loop
vertex 81 -133 1.2
vertex 76 -124 1.2
vertex 76 -138 1.2
endloop
endfacet
facet normal 0 0 1
outer loop
vertex 81 -133 1.2
vertex 76 -138 1.2
vertex 81 -138 1.2
endloop
endfacet
facet normal 0 0 1
outer loop
vertex 75.5 -124 1.2
vertex 75.5 -119 1.2
vertex 71.95670912719955 -119 1.2
endloop
endfacet
facet normal 0 0 1
outer loop
vertex 75.5 -124 1.2
vertex 71.95670912719955 -119 1.2
vertex 71.51926580956986 -124 1.2
endloop
endfacet
facet normal 0 0 1
outer loop
vertex 71.43177714604391 -124 1.2
vertex 71.8692204636736 -119 1.2
vertex 64.31743523013772 -119 1.2
endloop
endfacet
facet normal 0 0 1
outer loop
vertex 71.43177714604391 -124 1.2
vertex 64.31743523013772 -119 1.2
vertex 62.97768926798207 -124 1.2
endloop
endfacet
facet normal 0 0 1
outer loop
vertex 62 -138 1.2
vertex 62 -127.64878602212382 1.2
vertex 59.22640057394624 -138 1.2
endloop
endfacet
facet normal 0 0 1
outer loop
vertex 68.06872392417354 -105 1.2
vertex 69.40846988632919 -100 1.2
vertex 64.80971922578944 -100 1.2
endloop
endfacet
facet normal 0 0 1
outer loop
vertex 68.06872392417354 -105 1.2
vertex 64.80971922578944 -100 1.2
vertex 62.47818093501461 -105 1.2
endloop
endfacet
facet normal 0 0 1
outer loop
vertex 57 -119 1.2
vertex 62 -119 1.2
vertex 62 -106.02546232439464 1.2
endloop
endfacet
facet normal 0 0 1
outer loop
vertex 57 -119 1.2
vertex 62 -106.02546232439464 1.2
vertex 57 -116.74799692694319 1.2
endloop
endfacet
facet normal 0 0 1
outer loop
vertex 57 -124 1.2
vertex 57 -119 1.2
vertex 55.94987372084509 -119 1.2
endloop
endfacet
facet normal 0 0 1
outer loop
vertex 57 -124 1.2
vertex 55.94987372084509 -119 1.2
vertex 53.61833543007027 -124 1.2
endloop
endfacet
facet normal 0 0 1
outer loop
vertex 57 -105 1.2
vertex 57 -103.30340922980675 1.2
vertex 55.81203435345362 -105 1.2
endloop
endfacet
facet normal 0 0 1
outer loop
vertex 87.7197132672139 -152 1.2
vertex 81.96791111376218 -160.21442478062676 1.2
vertex 82.21442478062701 -159.96791111376194 1.2
endloop
endfacet
facet normal 0 0 1
outer loop
vertex 87.7197132672139 -152 1.2
vertex 82.21442478062701 -159.96791111376194 1.2
vertex 90.18233589438942 -152 1.2
endloop
endfacet
facet normal 0 0 1
outer loop
vertex 157.5 -139.609086476126 1.2
vertex 157.39639353519524 -139.63684774470107 1.2
vertex 157.5 -141.0888920000001 1.2
endloop
endfacet
facet normal 0 0 1
outer loop
vertex 150.15509226066425 -162.23339111370206 1.2
vertex 138.215586950602 -159.61454489160204 1.2
vertex 138.47387121646997 -159.70990931992185 1.2
endloop
endfacet
facet normal 0 0 1
outer loop
vertex 150.15509226066425 -162.23339111370206 1.2
vertex 138.47387121646997 -159.70990931992185 1.2
vertex 146.0305308190663 -162.5 1.2
endloop
endfacet
facet normal 0 0 1
outer loop
vertex 150.15509226066425 -162.23339111370206 1.2
vertex 146.0305308190663 -162.5 1.2
vertex 150.47282435634537 -162.5 1.2
endloop
endfacet
facet normal 0 0 -1
outer loop
vertex 138.47387121646997 -159.70990931992185 1.2
vertex 138.71661099308807 -159.83984213729755 1.2
vertex 143.68630331873135 -162.5 1.2
endloop
endfacet
facet normal 0 0 -1
outer loop
vertex 138.47387121646997 -159.70990931992185 1.2
vertex 143.68630331873135 -162.5 1.2
vertex 146.0305308190663 -162.5 1.2
endloop
endfacet
facet normal 0 0 1
outer loop
vertex 81 -133 1.2
vertex 81 -138 1.2
vertex 81.5 -138 1.2
endloop
endfacet
facet normal 0 0 1
outer loop
vertex 81 -133 1.2
vertex 81.5 -138 1.2
vertex 81.5 -133 1.2
endloop
endfacet
facet normal 0 0 1
outer loop
vertex 71.51926580956986 -124 1.2
vertex 71.95670912719955 -119 1.2
vertex 71.8692204636736 -119 1.2
endloop
endfacet
facet normal 0 0 1
outer loop
vertex 71.51926580956986 -124 1.2
vertex 71.8692204636736 -119 1.2
vertex 71.43177714604391 -124 1.2
endloop
endfacet
facet normal 0 0 -1
outer loop
vertex 73.15975858036501 -86 1.2
vertex 74.45481252766182 -81.16679287014577 1.2
vertex 74.69648139048583 -80.26487239547919 1.2
endloop
endfacet
facet normal 0 0 -1
outer loop
vertex 73.15975858036501 -86 1.2
vertex 74.69648139048583 -80.26487239547919 1.2
vertex 74.74907546375705 -80.06858864185399 1.2
endloop
endfacet
facet normal 0 0 -1
outer loop
vertex 73.15975858036501 -86 1.2
vertex 74.74907546375705 -80.06858864185399 1.2
vertex 74.75268460533157 -80.05511914212617 1.2
endloop
endfacet
facet normal 0 0 -1
outer loop
vertex 73.15975858036501 -86 1.2
vertex 74.75268460533157 -80.05511914212617 1.2
vertex 74.50000000000009 -80.23205080756883 1.2
endloop
endfacet
facet normal 0 0 -1
outer loop
vertex 73.15975858036501 -86 1.2
vertex 74.50000000000009 -80.23205080756883 1.2
vertex 73.79867380547336 -80.72312469572037 1.2
endloop
endfacet
facet normal 0 0 -1
outer loop
vertex 73.15975858036501 -86 1.2
vertex 73.79867380547336 -80.72312469572037 1.2
vertex 71.33802643995895 -86 1.2
endloop
endfacet
facet normal 0 0 1
outer loop
vertex 178.0900300492486 -159.9089544808064 1.2
vertex 169.0653104975148 -159.82524622305803 1.2
vertex 169.6920465707308 -160.35114023488165 1.2
endloop
endfacet
facet normal 0 0 1
outer loop
vertex 178.0900300492486 -159.9089544808064 1.2
vertex 169.6920465707308 -160.35114023488165 1.2
vertex 171.91396281200747 -162.2155493474209 1.2
endloop
endfacet
facet normal 0 0 1
outer loop
vertex 178.0900300492486 -159.9089544808064 1.2
vertex 171.91396281200747 -162.2155493474209 1.2
vertex 175.5463117133872 -162.5 1.2
endloop
endfacet
facet normal 0 0 1
outer loop
vertex 178.0900300492486 -159.9089544808064 1.2
vertex 175.5463117133872 -162.5 1.2
vertex 181.06896961649286 -162.5 1.2
endloop
endfacet
facet normal 0 0 1
outer loop
vertex 171.91396281200747 -162.2155493474209 1.2
vertex 172.252957896593 -162.5 1.2
vertex 175.5463117133872 -162.5 1.2
endloop
endfacet
facet normal 0 0 -1
outer loop
vertex 138.71661099308807 -159.83984213729755 1.2
vertex 138.93920209999976 -160.0018818999998 1.2
vertex 142.3708219925623 -162.5 1.2
endloop
endfacet
facet normal 0 0 -1
outer loop
vertex 138.71661099308807 -159.83984213729755 1.2
vertex 142.3708219925623 -162.5 1.2
vertex 143.68630331873135 -162.5 1.2
endloop
endfacet
facet normal 0 0 1
outer loop
vertex 81 -100 1.2
vertex 76 -100 1.2
vertex 75.5 -100 1.2
endloop
endfacet
facet normal 0 0 1
outer loop
vertex 81 -100 1.2
vertex 75.5 -100 1.2
vertex 75.5 -105 1.2
endloop
endfacet
facet normal 0 0 1
outer loop
vertex 81 -100 1.2
vertex 75.5 -105 1.2
vertex 76 -105 1.2
endloop
endfacet
facet normal 0 0 1
outer loop
vertex 81 -100 1.2
vertex 76 -105 1.2
vertex 81 -105 1.2
endloop
endfacet
facet normal 0 0 1
outer loop
vertex 81 -114 1.2
vertex 81 -105 1.2
vertex 76 -105 1.2
endloop
endfacet
facet normal 0 0 1
outer loop
vertex 81 -114 1.2
vertex 76 -105 1.2
vertex 76 -119 1.2
endloop
endfacet
facet normal 0 0 1
outer loop
vertex 81 -114 1.2
vertex 76 -119 1.2
vertex 81 -119 1.2
endloop
endfacet
facet normal 0 0 1
outer loop
vertex 75.5 -105 1.2
vertex 75.5 -100 1.2
vertex 73.61899373419234 -100 1.2
endloop
endfacet
facet normal 0 0 1
outer loop
vertex 75.5 -105 1.2
vertex 73.61899373419234 -100 1.2
vertex 73.18155041656266 -105 1.2
endloop
endfacet
facet normal 0 0 1
outer loop
vertex 73.09406175303673 -105 1.2
vertex 73.53150507066641 -100 1.2
vertex 69.40846988632919 -100 1.2
endloop
endfacet
facet normal 0 0 1
outer loop
vertex 73.09406175303673 -105 1.2
vertex 69.40846988632919 -100 1.2
vertex 68.06872392417354 -105 1.2
endloop
endfacet
facet normal 0 0 1
outer loop
vertex 169.6920465707308 -160.35114023488165 1.2
vertex 169.0653104975148 -159.82524622305803 1.2
vertex 163.64844718780856 -159.77500242462008 1.2
endloop
endfacet
facet normal 0 0 1
outer loop
vertex 169.6920465707308 -160.35114023488165 1.2
vertex 163.64844718780856 -159.77500242462008 1.2
vertex 162.23649375456577 -161.45770298864798 1.2
endloop
endfacet
facet normal 0 0 1
outer loop
vertex 169.6920465707308 -160.35114023488165 1.2
vertex 162.23649375456577 -161.45770298864798 1.2
vertex 168.36108212598072 -161.9373218816364 1.2
endloop
endfacet
facet normal 0 0 1
outer loop
vertex 168.36108212598072 -161.9373218816364 1.2
vertex 162.23649375456577 -161.45770298864798 1.2
vertex 161.3619027102064 -162.5 1.2
endloop
endfacet
facet normal 0 0 1
outer loop
vertex 168.36108212598072 -161.9373218816364 1.2
vertex 161.3619027102064 -162.5 1.2
vertex 167.88893912085072 -162.5 1.2
endloop
endfacet
facet normal 0 0 1
outer loop
vertex 138.93920209999976 -160.0018818999998 1.2
vertex 141.91634334633204 -162.5 1.2
vertex 142.3708219925623 -162.5 1.2
endloop
endfacet
facet normal 0 0 1
outer loop
vertex 81 -81 1.2
vertex 81 -75.5 1.2
vertex 77.49999999999997 -75.5 1.2
endloop
endfacet
facet normal 0 0 1
outer loop
vertex 81 -81 1.2
vertex 77.49999999999997 -75.5 1.2
vertex 77.15270364466615 -75.53038449397559 1.2
endloop
endfacet
facet normal 0 0 1
outer loop
vertex 81 -81 1.2
vertex 77.15270364466615 -75.53038449397559 1.2
vertex 76.81595971334875 -75.62061475842816 1.2
endloop
endfacet
facet normal 0 0 1
outer loop
vertex 81 -81 1.2
vertex 76.81595971334875 -75.62061475842816 1.2
vertex 76.49999999999994 -75.76794919243116 1.2
endloop
endfacet
facet normal 0 0 1
outer loop
vertex 81 -81 1.2
vertex 76.49999999999994 -75.76794919243116 1.2
vertex 76.21442478062684 -75.9679111137621 1.2
endloop
endfacet
facet normal 0 0 1
outer loop
vertex 81 -81 1.2
vertex 76.21442478062684 -75.9679111137621 1.2
vertex 75.96791111376206 -76.21442478062689 1.2
endloop
endfacet
facet normal 0 0 1
outer loop
vertex 81 -81 1.2
vertex 75.96791111376206 -76.21442478062689 1.2
vertex 75.76794919243119 -76.49999999999989 1.2
endloop
endfacet
facet normal 0 0 1
outer loop
vertex 81 -81 1.2
vertex 75.76794919243119 -76.49999999999989 1.2
vertex 75.62061475842818 -76.81595971334873 1.2
endloop
endfacet
facet normal 0 0 1
outer loop
vertex 81 -81 1.2
vertex 75.62061475842818 -76.81595971334873 1.2
vertex 75.53038449397559 -77.15270364466612 1.2
endloop
endfacet
facet normal 0 0 1
outer loop
vertex 81 -81 1.2
vertex 75.53038449397559 -77.15270364466612 1.2
vertex 75.5 -77.49999999999999 1.2
endloop
endfacet
facet normal 0 0 1
outer loop
vertex 81 -81 1.2
vertex 75.5 -77.49999999999999 1.2
vertex 75.5 -78.49999999999996 1.2
endloop
endfacet
facet normal 0 0 1
outer loop
vertex 81 -81 1.2
vertex 75.5 -78.49999999999996 1.2
vertex 75.5 -86 1.2
endloop
endfacet
facet normal 0 0 1
outer loop
vertex 81 -81 1.2
vertex 75.5 -86 1.2
vertex 76 -86 1.2
endloop
endfacet
facet normal 0 0 1
outer loop
vertex 81 -81 1.2
vertex 76 -86 1.2
vertex 81 -86 1.2
endloop
endfacet
facet normal 0 0 1
outer loop
vertex 81 -114 1.2
vertex 81 -119 1.2
vertex 81.5 -119 1.2
endloop
endfacet
facet normal 0 0 1
outer loop
vertex 81 -114 1.2
vertex 81.5 -119 1.2
vertex 81.5 -114 1.2
endloop
endfacet
facet normal 0 0 1
outer loop
vertex 75.5 -86 1.2
vertex 75.5 -78.49999999999996 1.2
vertex 75.46961550602441 -78.8472963553339 1.2
endloop
endfacet
facet normal 0 0 1
outer loop
vertex 75.5 -86 1.2
vertex 75.46961550602441 -78.8472963553339 1.2
vertex 74.84383502355547 -86 1.2
endloop
endfacet
facet normal 0 0 1
outer loop
vertex 73.18155041656266 -105 1.2
vertex 73.61899373419234 -100 1.2
vertex 73.53150507066641 -100 1.2
endloop
endfacet
facet normal 0 0 1
outer loop
vertex 73.18155041656266 -105 1.2
vertex 73.53150507066641 -100 1.2
vertex 73.09406175303673 -105 1.2
endloop
endfacet
facet normal 0 0 -1
outer loop
vertex 74.75634636002953 -86 1.2
vertex 75.33971166012041 -79.33210410834621 1.2
vertex 75.34649462753032 -79.25457443608316 1.2
endloop
endfacet
facet normal 0 0 -1
outer loop
vertex 74.75634636002953 -86 1.2
vertex 75.34649462753032 -79.25457443608316 1.2
vertex 75.23205080756885 -79.50000000000004 1.2
endloop
endfacet
facet normal 0 0 -1
outer loop
vertex 74.75634636002953 -86 1.2
vertex 75.23205080756885 -79.50000000000004 1.2
vertex 74.45481252766182 -81.16679287014577 1.2
endloop
endfacet
facet normal 0 0 -1
outer loop
vertex 74.75634636002953 -86 1.2
vertex 74.45481252766182 -81.16679287014577 1.2
vertex 73.15975858036501 -86 1.2
endloop
endfacet
facet normal 0 0 1
outer loop
vertex 81 -75.5 1.2
vertex 81 -81 1.2
vertex 81.5 -81 1.2
endloop
endfacet
facet normal 0 0 1
outer loop
vertex 81 -75.5 1.2
vertex 81.5 -81 1.2
vertex 81.5 -75.5 1.2
endloop
endfacet
facet normal 0 0 1
outer loop
vertex 81 -95 1.2
vertex 81 -86 1.2
vertex 76 -86 1.2
endloop
endfacet
facet normal 0 0 1
outer loop
vertex 81 -95 1.2
vertex 76 -86 1.2
vertex 76 -100 1.2
endloop
endfacet
facet normal 0 0 1
outer loop
vertex 81 -95 1.2
vertex 76 -100 1.2
vertex 81 -100 1.2
endloop
endfacet
facet normal 0 0 1
outer loop
vertex 74.84383502355547 -86 1.2
vertex 75.46961550602441 -78.8472963553339 1.2
vertex 75.37938524157185 -79.18404028665124 1.2
endloop
endfacet
facet normal 0 0 1
outer loop
vertex 74.84383502355547 -86 1.2
vertex 75.37938524157185 -79.18404028665124 1.2
vertex 75.33971166012041 -79.33210410834621 1.2
endloop
endfacet
facet normal 0 0 1
outer loop
vertex 74.84383502355547 -86 1.2
vertex 75.33971166012041 -79.33210410834621 1.2
vertex 74.75634636002953 -86 1.2
endloop
endfacet
facet normal 0 0 1
outer loop
vertex 156.18404028665137 -77.62061475842819 1.2
vertex 155.84729635533392 -77.5303844939756 1.2
vertex 155.49999999999991 -77.5 1.2
endloop
endfacet
facet normal 0 0 1
outer loop
vertex 156.18404028665137 -77.62061475842819 1.2
vertex 155.49999999999991 -77.5 1.2
vertex 152 -77.5 1.2
endloop
endfacet
facet normal 0 0 1
outer loop
vertex 156.18404028665137 -77.62061475842819 1.2
vertex 152 -77.5 1.2
vertex 152 -85 1.2
endloop
endfacet
facet normal 0 0 1
outer loop
vertex 156.18404028665137 -77.62061475842819 1.2
vertex 152 -85 1.2
vertex 152 -90.18233589439302 1.2
endloop
endfacet
facet normal 0 0 1
outer loop
vertex 156.18404028665137 -77.62061475842819 1.2
vertex 152 -90.18233589439302 1.2
vertex 157.5 -84.68233589439333 1.2
endloop
endfacet
facet normal 0 0 1
outer loop
vertex 156.18404028665137 -77.62061475842819 1.2
vertex 157.5 -84.68233589439333 1.2
vertex 157.5 -79.5000000000001 1.2
endloop
endfacet
facet normal 0 0 1
outer loop
vertex 156.18404028665137 -77.62061475842819 1.2
vertex 157.5 -79.5000000000001 1.2
vertex 157.4696155060244 -79.15270364466612 1.2
endloop
endfacet
facet normal 0 0 1
outer loop
vertex 156.18404028665137 -77.62061475842819 1.2
vertex 157.4696155060244 -79.15270364466612 1.2
vertex 157.3793852415718 -78.81595971334859 1.2
endloop
endfacet
facet normal 0 0 1
outer loop
vertex 156.18404028665137 -77.62061475842819 1.2
vertex 157.3793852415718 -78.81595971334859 1.2
vertex 157.23205080756895 -78.50000000000011 1.2
endloop
endfacet
facet normal 0 0 1
outer loop
vertex 156.18404028665137 -77.62061475842819 1.2
vertex 157.23205080756895 -78.50000000000011 1.2
vertex 157.03208888623797 -78.21442478062697 1.2
endloop
endfacet
facet normal 0 0 1
outer loop
vertex 156.18404028665137 -77.62061475842819 1.2
vertex 157.03208888623797 -78.21442478062697 1.2
vertex 156.7855752193731 -77.96791111376207 1.2
endloop
endfacet
facet normal 0 0 1
outer loop
vertex 156.18404028665137 -77.62061475842819 1.2
vertex 156.7855752193731 -77.96791111376207 1.2
vertex 156.49999999999994 -77.76794919243109 1.2
endloop
endfacet
facet normal 0 0 1
outer loop
vertex 119 -121 1.2
vertex 119 -116 1.2
vertex 119 -107.32712085225143 1.2
endloop
endfacet
facet normal 0 0 1
outer loop
vertex 119 -121 1.2
vertex 119 -107.32712085225143 1.2
vertex 114 -114.46786088596173 1.2
endloop
endfacet
facet normal 0 0 1
outer loop
vertex 119 -121 1.2
vertex 114 -114.46786088596173 1.2
vertex 114 -116 1.2
endloop
endfacet
facet normal 0 0 1
outer loop
vertex 119 -121 1.2
vertex 114 -116 1.2
vertex 114 -128.1823358943908 1.2
endloop
endfacet
facet normal 0 0 1
outer loop
vertex 119 -121 1.2
vertex 114 -128.1823358943908 1.2
vertex 119 -123.1823358943911 1.2
endloop
endfacet
facet normal 0 0 -1
outer loop
vertex 103.12427910782812 -130 1.2
vertex 100 -134.46193298035058 1.2
vertex 99.62324141677941 -135 1.2
endloop
endfacet
facet normal 0 0 -1
outer loop
vertex 103.12427910782812 -130 1.2
vertex 99.62324141677941 -135 1.2
vertex 100 -135 1.2
endloop
endfacet
facet normal 0 0 -1
outer loop
vertex 103.12427910782812 -130 1.2
vertex 100 -135 1.2
vertex 107.1823358943904 -135 1.2
endloop
endfacet
facet normal 0 0 -1
outer loop
vertex 103.12427910782812 -130 1.2
vertex 107.1823358943904 -135 1.2
vertex 112.18233589439069 -130 1.2
endloop
endfacet
facet normal 0 0 1
outer loop
vertex 100 -135 1.2
vertex 99.62324141677941 -135 1.2
vertex 95 -141.60267301406088 1.2
endloop
endfacet
facet normal 0 0 1
outer loop
vertex 100 -135 1.2
vertex 95 -141.60267301406088 1.2
vertex 95 -147.1823358943897 1.2
endloop
endfacet
facet normal 0 0 1
outer loop
vertex 100 -135 1.2
vertex 95 -147.1823358943897 1.2
vertex 100 -142.18233589438998 1.2
endloop
endfacet
facet normal 0 0 1
outer loop
vertex 81 -95 1.2
vertex 81 -100 1.2
vertex 81.5 -100 1.2
endloop
endfacet
facet normal 0 0 1
outer loop
vertex 81 -95 1.2
vertex 81.5 -100 1.2
vertex 81.5 -95 1.2
endloop
endfacet
facet normal 0 0 1
outer loop
vertex 138 -104 1.2
vertex 138 -99 1.2
vertex 138 -85 1.2
endloop
endfacet
facet normal 0 0 1
outer loop
vertex 138 -104 1.2
vertex 138 -85 1.2
vertex 138 -80.19230872415221 1.2
endloop
endfacet
facet normal 0 0 1
outer loop
vertex 138 -104 1.2
vertex 138 -80.19230872415221 1.2
vertex 133 -87.33304875786258 1.2
endloop
endfacet
facet normal 0 0 1
outer loop
vertex 138 -104 1.2
vertex 133 -87.33304875786258 1.2
vertex 133 -97 1.2
endloop
endfacet
facet normal 0 0 1
outer loop
vertex 138 -104 1.2
vertex 133 -97 1.2
vertex 133 -102 1.2
endloop
endfacet
facet normal 0 0 1
outer loop
vertex 138 -104 1.2
vertex 133 -102 1.2
vertex 133 -109.18233589439191 1.2
endloop
endfacet
facet normal 0 0 1
outer loop
vertex 138 -104 1.2
vertex 133 -109.18233589439191 1.2
vertex 138 -104.18233589439221 1.2
endloop
endfacet
facet normal 0 0 1
outer loop
vertex 114 -116 1.2
vertex 114 -114.46786088596173 1.2
vertex 112.92718464276442 -116 1.2
endloop
endfacet
facet normal 0 0 1
outer loop
vertex 119 -116 1.2
vertex 119 -121 1.2
vertex 121.18233589439123 -121 1.2
endloop
endfacet
facet normal 0 0 1
outer loop
vertex 119 -116 1.2
vertex 121.18233589439123 -121 1.2
vertex 126.18233589439151 -116 1.2
endloop
endfacet
facet normal 0 0 1
outer loop
vertex 138 -99 1.2
vertex 138 -104 1.2
vertex 138.18233589439222 -104 1.2
endloop
endfacet
facet normal 0 0 1
outer loop
vertex 138 -99 1.2
vertex 138.18233589439222 -104 1.2
vertex 143.1823358943925 -99 1.2
endloop
endfacet
facet normal 0 0 1
outer loop
vertex 152 -85 1.2
vertex 152 -77.5 1.2
vertex 139.88517486383927 -77.5 1.2
endloop
endfacet
facet normal 0 0 1
outer loop
vertex 152 -85 1.2
vertex 139.88517486383927 -77.5 1.2
vertex 138 -80.19230872415221 1.2
endloop
endfacet
facet normal 0 0 1
outer loop
vertex 152 -85 1.2
vertex 138 -80.19230872415221 1.2
vertex 138 -85 1.2
endloop
endfacet
facet normal 0 0 1
outer loop
vertex 133 -102 1.2
vertex 133 -97 1.2
vertex 126.23112786874941 -97 1.2
endloop
endfacet
facet normal 0 0 1
outer loop
vertex 133 -102 1.2
vertex 126.23112786874941 -97 1.2
vertex 122.73009017770073 -102 1.2
endloop
endfacet
facet normal -0.996194698091746 -0.0871557427476546 0
outer loop
vertex 37.53038449397556 -160.8472963553338 1.2
vertex 37.5 -160.5000000000001 1.2
vertex 37.5 -160.5000000000001 0
endloop
endfacet
facet normal -0.996194698091746 -0.0871557427476546 0
outer loop
vertex 37.53038449397556 -160.8472963553338 1.2
vertex 37.5 -160.5000000000001 0
vertex 37.53038449397556 -160.8472963553338 0
endloop
endfacet
facet normal -0.9659258262890648 -0.2588190451025341 0
outer loop
vertex 37.620614758428175 -161.1840402866513 1.2
vertex 37.53038449397556 -160.8472963553338 1.2
vertex 37.53038449397556 -160.8472963553338 0
endloop
endfacet
facet normal -0.9659258262890648 -0.2588190451025341 0
outer loop
vertex 37.620614758428175 -161.1840402866513 1.2
vertex 37.53038449397556 -160.8472963553338 0
vertex 37.62061475842819 -161.18404028665134 0
endloop
endfacet
facet normal -0.9063077870366388 -0.4226182617407234 0
outer loop
vertex 37.76794919243113 -161.5 1.2
vertex 37.620614758428175 -161.1840402866513 1.2
vertex 37.62061475842819 -161.18404028665134 0
endloop
endfacet
facet normal -0.9063077870366388 -0.4226182617407234 0
outer loop
vertex 37.76794919243113 -161.5 1.2
vertex 37.62061475842819 -161.18404028665134 0
vertex 37.767949192431104 -161.49999999999997 0
endloop
endfacet
facet normal -0.8191520442889708 -0.5735764363510761 0
outer loop
vertex 37.96791111376211 -161.78557521937313 1.2
vertex 37.76794919243113 -161.5 1.2
vertex 37.767949192431104 -161.49999999999997 0
endloop
endfacet
facet normal -0.8191520442889708 -0.5735764363510761 0
outer loop
vertex 37.96791111376211 -161.78557521937313 1.2
vertex 37.767949192431104 -161.49999999999997 0
vertex 37.96791111376206 -161.78557521937307 0
endloop
endfacet
facet normal -0.7071067811865263 -0.7071067811865689 0
outer loop
vertex 38.214424780626885 -162.03208888623791 1.2
vertex 37.96791111376211 -161.78557521937313 1.2
vertex 37.96791111376206 -161.78557521937307 0
endloop
endfacet
facet normal -0.7071067811865263 -0.7071067811865689 0
outer loop
vertex 38.214424780626885 -162.03208888623791 1.2
vertex 37.96791111376206 -161.78557521937307 0
vertex 38.21442478062701 -162.03208888623803 0
endloop
endfacet
facet normal -0.5735764363510599 -0.8191520442889821 0
outer loop
vertex 38.49999999999986 -162.23205080756875 1.2
vertex 38.214424780626885 -162.03208888623791 1.2
vertex 38.21442478062701 -162.03208888623803 0
endloop
endfacet
facet normal -0.5735764363510599 -0.8191520442889821 0
outer loop
vertex 38.49999999999986 -162.23205080756875 1.2
vertex 38.21442478062701 -162.03208888623803 0
vertex 38.499999999999815 -162.23205080756875 0
endloop
endfacet
facet normal -0.4226182617407234 -0.906307787036639 0
outer loop
vertex 38.815959713348974 -162.3793852415719 1.2
vertex 38.49999999999986 -162.23205080756875 1.2
vertex 38.499999999999815 -162.23205080756875 0
endloop
endfacet
facet normal -0.4226182617407234 -0.906307787036639 0
outer loop
vertex 38.815959713348974 -162.3793852415719 1.2
vertex 38.499999999999815 -162.23205080756875 0
vertex 38.81595971334875 -162.3793852415718 0
endloop
endfacet
facet normal -0.25881904510251214 -0.9659258262890708 0
outer loop
vertex 39.152703644666104 -162.4696155060244 1.2
vertex 38.815959713348974 -162.3793852415719 1.2
vertex 38.81595971334875 -162.3793852415718 0
endloop
endfacet
facet normal -0.25881904510251214 -0.9659258262890708 0
outer loop
vertex 39.152703644666104 -162.4696155060244 1.2
vertex 38.81595971334875 -162.3793852415718 0
vertex 39.15270364466622 -162.4696155060244 0
endloop
endfacet
facet normal -0.08715574274765463 -0.9961946980917459 0
outer loop
vertex 39.49999999999997 -162.5 1.2
vertex 39.152703644666104 -162.4696155060244 1.2
vertex 39.15270364466622 -162.4696155060244 0
endloop
endfacet
facet normal -0.08715574274765463 -0.9961946980917459 0
outer loop
vertex 39.49999999999997 -162.5 1.2
vertex 39.15270364466622 -162.4696155060244 0
vertex 39.500000000000085 -162.5 0
endloop
endfacet
facet normal 0 -1 0
outer loop
vertex 81.5 -162.5 1.2
vertex 75.5 -162.5 1.2
vertex 68.15095226382127 -162.5 1.2
endloop
endfacet
facet normal 0 -1 0
outer loop
vertex 81.5 -162.5 1.2
vertex 68.15095226382127 -162.5 1.2
vertex 68.06346360029535 -162.5 1.2
endloop
endfacet
facet normal 0 -1 0
outer loop
vertex 81.5 -162.5 1.2
vertex 68.06346360029535 -162.5 1.2
vertex 52.66164535938357 -162.5 1.2
endloop
endfacet
facet normal 0 -1 0
outer loop
vertex 81.5 -162.5 1.2
vertex 52.66164535938357 -162.5 1.2
vertex 39.49999999999997 -162.5 1.2
endloop
endfacet
facet normal 0 -1 0
outer loop
vertex 81.5 -162.5 1.2
vertex 39.49999999999997 -162.5 1.2
vertex 39.500000000000085 -162.5 0
endloop
endfacet
facet normal 0 -1 0
outer loop
vertex 81.5 -162.5 1.2
vertex 39.500000000000085 -162.5 0
vertex 52.661645359383584 -162.5 0
endloop
endfacet
facet normal 0 -1 0
outer loop
vertex 81.5 -162.5 1.2
vertex 52.661645359383584 -162.5 0
vertex 68.06346360029534 -162.5 0
endloop
endfacet
facet normal 0 -1 0
outer loop
vertex 81.5 -162.5 1.2
vertex 68.06346360029534 -162.5 0
vertex 68.15095226382127 -162.5 0
endloop
endfacet
facet normal 0 -1 0
outer loop
vertex 81.5 -162.5 1.2
vertex 68.15095226382127 -162.5 0
vertex 75.5 -162.5 0
endloop
endfacet
facet normal 0 -1 0
outer loop
vertex 81.5 -162.5 1.2
vertex 75.5 -162.5 0
vertex 81.5 -162.5 0
endloop
endfacet
facet normal 1 0 0
outer loop
vertex 81.5 -161.50000000000003 1.2
vertex 81.5 -162.5 1.2
vertex 81.5 -162.5 0
endloop
endfacet
facet normal 1 0 0
outer loop
vertex 81.5 -161.50000000000003 1.2
vertex 81.5 -162.5 0
vertex 81.5 -161.50000000000003 0
endloop
endfacet
facet normal 0.9961946980917433 -0.08715574274768298 0
outer loop
vertex 81.53038449397559 -161.15270364466616 1.2
vertex 81.5 -161.50000000000003 1.2
vertex 81.5 -161.50000000000003 0
endloop
endfacet
facet normal 0.9961946980917433 -0.08715574274768298 0
outer loop
vertex 81.53038449397559 -161.15270364466616 1.2
vertex 81.5 -161.50000000000003 0
vertex 81.53038449397559 -161.1527036446662 0
endloop
endfacet
facet normal 0.9659258262890704 -0.25881904510251297 0
outer loop
vertex 81.62061475842816 -160.8159597133488 1.2
vertex 81.53038449397559 -161.15270364466616 1.2
vertex 81.53038449397559 -161.1527036446662 0
endloop
endfacet
facet normal 0.9659258262890704 -0.25881904510251297 0
outer loop
vertex 81.62061475842816 -160.8159597133488 1.2
vertex 81.53038449397559 -161.1527036446662 0
vertex 81.62061475842822 -160.81595971334863 0
endloop
endfacet
facet normal 0.9063077870366644 -0.4226182617406685 0
outer loop
vertex 81.76794919243119 -160.49999999999994 1.2
vertex 81.62061475842816 -160.8159597133488 1.2
vertex 81.62061475842822 -160.81595971334863 0
endloop
endfacet
facet normal 0.9063077870366644 -0.4226182617406685 0
outer loop
vertex 81.76794919243119 -160.49999999999994 1.2
vertex 81.62061475842822 -160.81595971334863 0
vertex 81.76794919243122 -160.4999999999998 0
endloop
endfacet
facet normal 0.8191520442889821 -0.5735764363510599 0
outer loop
vertex 81.96791111376218 -160.21442478062676 1.2
vertex 81.76794919243119 -160.49999999999994 1.2
vertex 81.76794919243122 -160.4999999999998 0
endloop
endfacet
facet normal 0.8191520442889821 -0.5735764363510599 0
outer loop
vertex 81.96791111376218 -160.21442478062676 1.2
vertex 81.76794919243122 -160.4999999999998 0
vertex 81.96791111376189 -160.2144247806271 0
endloop
endfacet
facet normal 0.7071067811865263 -0.7071067811865689 0
outer loop
vertex 82.21442478062701 -159.96791111376194 1.2
vertex 81.96791111376218 -160.21442478062676 1.2
vertex 81.96791111376189 -160.2144247806271 0
endloop
endfacet
facet normal 0.7071067811865263 -0.7071067811865689 0
outer loop
vertex 82.21442478062701 -159.96791111376194 1.2
vertex 81.96791111376189 -160.2144247806271 0
vertex 82.21442478062706 -159.96791111376194 0
endloop
endfacet
facet normal 0.5735764363510599 -0.8191520442889821 0
outer loop
vertex 82.49999999999966 -159.76794919243133 1.2
vertex 82.21442478062701 -159.96791111376194 1.2
vertex 82.21442478062706 -159.96791111376194 0
endloop
endfacet
facet normal 0.5735764363510599 -0.8191520442889821 0
outer loop
vertex 82.49999999999966 -159.76794919243133 1.2
vertex 82.21442478062706 -159.96791111376194 0
vertex 82.49999999999984 -159.76794919243122 0
endloop
endfacet
facet normal 0.4226182617406946 -0.9063077870366524 0
outer loop
vertex 82.81595971334889 -159.62061475842813 1.2
vertex 82.49999999999966 -159.76794919243133 1.2
vertex 82.49999999999984 -159.76794919243122 0
endloop
endfacet
facet normal 0.4226182617406946 -0.9063077870366524 0
outer loop
vertex 82.81595971334889 -159.62061475842813 1.2
vertex 82.49999999999984 -159.76794919243122 0
vertex 82.81595971334869 -159.6206147584282 0
endloop
endfacet
facet normal 0.25881904510254217 -0.9659258262890627 0
outer loop
vertex 83.15270364466636 -159.53038449397553 1.2
vertex 82.81595971334889 -159.62061475842813 1.2
vertex 82.81595971334869 -159.6206147584282 0
endloop
endfacet
facet normal 0.25881904510254217 -0.9659258262890627 0
outer loop
vertex 83.15270364466636 -159.53038449397553 1.2
vertex 82.81595971334869 -159.6206147584282 0
vertex 83.15270364466636 -159.53038449397553 0
endloop
endfacet
facet normal 0.08715574274768298 -0.9961946980917433 0
outer loop
vertex 83.49999999999943 -159.5 1.2
vertex 83.15270364466636 -159.53038449397553 1.2
vertex 83.15270364466636 -159.53038449397553 0
endloop
endfacet
facet normal 0.08715574274768298 -0.9961946980917433 0
outer loop
vertex 83.49999999999943 -159.5 1.2
vertex 83.15270364466636 -159.53038449397553 0
vertex 83.4999999999992 -159.50000000000003 0
endloop
endfacet
facet normal -5.941683411947452e-8 -0.9999999999999982 0
outer loop
vertex 133.99073150001502 -159.50000300000005 1.2
vertex 83.49999999999943 -159.5 1.2
vertex 83.4999999999992 -159.50000000000003 0
endloop
endfacet
facet normal -5.941683411947452e-8 -0.9999999999999982 0
outer loop
vertex 133.99073150001502 -159.50000300000005 1.2
vertex 83.4999999999992 -159.50000000000003 0
vertex 133.99073150000729 -159.50000300000005 0
endloop
endfacet
facet normal -0.0019974366252313303 -0.9999980051214743 0
outer loop
vertex 134.00000159270238 -159.50002151645964 1.2
vertex 133.99073150001502 -159.50000300000005 1.2
vertex 133.99073150000729 -159.50000300000005 0
endloop
endfacet
facet normal -0.0019974366252313303 -0.9999980051214743 0
outer loop
vertex 134.00000159270238 -159.50002151645964 1.2
vertex 133.99073150000729 -159.50000300000005 0
vertex 134.00000159270996 -159.50002151645967 0
endloop
endfacet
facet normal -0.006954929139283193 -0.999975814187857 0
outer loop
vertex 134.00927299999532 -159.50008599999998 1.2
vertex 134.00000159270238 -159.50002151645964 1.2
vertex 134.00000159270996 -159.50002151645967 0
endloop
endfacet
facet normal -0.006954929139283193 -0.999975814187857 0
outer loop
vertex 134.00927299999532 -159.50008599999998 1.2
vertex 134.00000159270996 -159.50002151645967 0
vertex 134.00927299999563 -159.50008599999995 0
endloop
endfacet
facet normal -0.009275042468686934 -0.9999569858684942 0
outer loop
vertex 137.67216604999996 -159.53406095 1.2
vertex 134.00927299999532 -159.50008599999998 1.2
vertex 134.00927299999563 -159.50008599999995 0
endloop
endfacet
facet normal -0.009275042468686934 -0.9999569858684942 0
outer loop
vertex 137.67216604999996 -159.53406095 1.2
vertex 134.00927299999563 -159.50008599999995 0
vertex 137.6721660499996 -159.53406094999997 0
endloop
endfacet
facet normal -0.07807136711039679 -0.996947772773235 0
outer loop
vertex 137.94665301397114 -159.555556130707 1.2
vertex 137.67216604999996 -159.53406095 1.2
vertex 137.6721660499996 -159.53406094999997 0
endloop
endfacet
facet normal -0.07807136711039679 -0.996947772773235 0
outer loop
vertex 137.94665301397114 -159.555556130707 1.2
vertex 137.6721660499996 -159.53406094999997 0
vertex 137.94665301397106 -159.555556130707 0
endloop
endfacet
facet normal -0.21424956924053606 -0.976778952517019 0
outer loop
vertex 138.215586950602 -159.61454489160204 1.2
vertex 137.94665301397114 -159.555556130707 1.2
vertex 137.94665301397106 -159.555556130707 0
endloop
endfacet
facet normal -0.21424956924053606 -0.976778952517019 0
outer loop
vertex 138.215586950602 -159.61454489160204 1.2
vertex 137.94665301397106 -159.555556130707 0
vertex 138.21558695060216 -159.6145448916021 0
endloop
endfacet
facet normal -0.3463674669272622 -0.9380989168815792 0
outer loop
vertex 138.47387121646997 -159.70990931992185 1.2
vertex 138.215586950602 -159.61454489160204 1.2
vertex 138.21558695060216 -159.6145448916021 0
endloop
endfacet
facet normal -0.3463674669272622 -0.9380989168815792 0
outer loop
vertex 138.47387121646997 -159.70990931992185 1.2
vertex 138.21558695060216 -159.6145448916021 0
vertex 138.47387121647012 -159.7099093199219 0
endloop
endfacet
facet normal -0.4719212563639986 -0.8816407022091399 0
outer loop
vertex 138.71661099308807 -159.83984213729755 1.2
vertex 138.47387121646997 -159.70990931992185 1.2
vertex 138.47387121647012 -159.7099093199219 0
endloop
endfacet
facet normal -0.4719212563639986 -0.8816407022091399 0
outer loop
vertex 138.71661099308807 -159.83984213729755 1.2
vertex 138.47387121647012 -159.7099093199219 0
vertex 138.71661099308804 -159.83984213729752 0
endloop
endfacet
facet normal -0.5885406136602227 -0.808467653077381 0
outer loop
vertex 138.93920209999976 -160.0018818999998 1.2
vertex 138.71661099308807 -159.83984213729755 1.2
vertex 138.71661099308804 -159.83984213729752 0
endloop
endfacet
facet normal -0.5885406136602227 -0.808467653077381 0
outer loop
vertex 138.93920209999976 -160.0018818999998 1.2
vertex 138.71661099308804 -159.83984213729752 0
vertex 138.9392020999997 -160.00188189999977 0
endloop
endfacet
facet normal 0 0 1
outer loop
vertex 170.56346999999997 -186.53779319999992 1.2
vertex 153.8377621059827 -172.5032579971992 1.2
vertex 141.91634334633204 -162.5 1.2
endloop
endfacet
facet normal 0 0 1
outer loop
vertex 170.56346999999997 -186.53779319999992 1.2
vertex 141.91634334633204 -162.5 1.2
vertex 138.93920209999976 -160.0018818999998 1.2
endloop
endfacet
facet normal 0 0 1
outer loop
vertex 170.56346999999997 -186.53779319999992 1.2
vertex 138.93920209999976 -160.0018818999998 1.2
vertex 138.9392020999997 -160.00188189999977 0
endloop
endfacet
facet normal -0.6427876064009034 -0.766044445875954 2.4377180265669725e-14
outer loop
vertex 170.56346999999997 -186.53779319999992 1.2
vertex 138.9392020999997 -160.00188189999977 0
vertex 141.91634334633204 -162.5 0
endloop
endfacet
facet normal -0.6427876064009034 -0.766044445875954 2.4377180265669725e-14
outer loop
vertex 170.56346999999997 -186.53779319999992 1.2
vertex 141.91634334633204 -162.5 0
vertex 153.8377621059827 -172.5032579971992 0
endloop
endfacet
facet normal -0.6427876064009034 -0.766044445875954 2.4377180265669725e-14
outer loop
vertex 170.56346999999997 -186.53779319999992 1.2
vertex 153.8377621059827 -172.5032579971992 0
vertex 170.56346999999994 -186.5377931999999 0
endloop
endfacet
facet normal -0.5735735947223747 -0.8191540340114631 0
outer loop
vertex 170.8490454593649 -186.73775381301223 1.2
vertex 170.56346999999997 -186.53779319999992 1.2
vertex 170.56346999999994 -186.5377931999999 0
endloop
endfacet
facet normal -0.5735735947223747 -0.8191540340114631 0
outer loop
vertex 170.8490454593649 -186.73775381301223 1.2
vertex 170.56346999999994 -186.5377931999999 0
vertex 170.84904545936502 -186.73775381301232 0
endloop
endfacet
facet normal -0.4226153696997995 -0.9063091356118518 0
outer loop
vertex 171.16500514091788 -186.88508700472678 1.2
vertex 170.8490454593649 -186.73775381301223 1.2
vertex 170.84904545936502 -186.73775381301232 0
endloop
endfacet
facet normal -0.4226153696997995 -0.9063091356118518 0
outer loop
vertex 171.16500514091788 -186.88508700472678 1.2
vertex 170.84904545936502 -186.73775381301232 0
vertex 171.16500514091757 -186.88508700472667 0
endloop
endfacet
facet normal -0.258816231321362 -0.9659265802350648 0
outer loop
vertex 171.50174880011969 -186.97531614489057 1.2
vertex 171.16500514091788 -186.88508700472678 1.2
vertex 171.16500514091757 -186.88508700472667 0
endloop
endfacet
facet normal -0.258816231321362 -0.9659265802350648 0
outer loop
vertex 171.50174880011969 -186.97531614489057 1.2
vertex 171.16500514091757 -186.88508700472667 0
vertex 171.5017488001198 -186.97531614489057 0
endloop
endfacet
facet normal -0.0871531177073735 -0.9961949277495268 0
outer loop
vertex 171.8490446837963 -187.0056996754489 1.2
vertex 171.50174880011969 -186.97531614489057 1.2
vertex 171.5017488001198 -186.97531614489057 0
endloop
endfacet
facet normal -0.0871531177073735 -0.9961949277495268 0
outer loop
vertex 171.8490446837963 -187.0056996754489 1.2
vertex 171.5017488001198 -186.97531614489057 0
vertex 171.84904468379634 -187.0056996754489 0
endloop
endfacet
facet normal 0.08715809087303229 -0.9961944926546062 0
outer loop
vertex 172.1963404157886 -186.97531441113358 1.2
vertex 171.8490446837963 -187.0056996754489 1.2
vertex 171.84904468379634 -187.0056996754489 0
endloop
endfacet
facet normal 0.08715809087303229 -0.9961944926546062 0
outer loop
vertex 172.1963404157886 -186.97531441113358 1.2
vertex 171.84904468379634 -187.0056996754489 0
vertex 172.1963404157886 -186.97531441113358 0
endloop
endfacet
facet normal 0.25882105338041617 -0.9659252881703905 0
outer loop
vertex 172.53308362454817 -186.88508358989176 1.2
vertex 172.1963404157886 -186.97531441113358 1.2
vertex 172.1963404157886 -186.97531441113358 0
endloop
endfacet
facet normal 0.25882105338041617 -0.9659252881703905 0
outer loop
vertex 172.53308362454817 -186.88508358989176 1.2
vertex 172.1963404157886 -186.97531441113358 0
vertex 172.5330836245481 -186.8850835898918 0
endloop
endfacet
facet normal 0.4226198941368587 -0.90630702583603 0
outer loop
vertex 172.84904257058577 -186.73774882085715 1.2
vertex 172.53308362454817 -186.88508358989176 1.2
vertex 172.5330836245481 -186.8850835898918 0
endloop
endfacet
facet normal 0.4226198941368587 -0.90630702583603 0
outer loop
vertex 172.84904257058577 -186.73774882085715 1.2
vertex 172.5330836245481 -186.8850835898918 0
vertex 172.84904257058585 -186.73774882085712 0
endloop
endfacet
facet normal 0.5735776840650437 -0.819151170628829 0
outer loop
vertex 173.1346170317114 -186.53778678220826 1.2
vertex 172.84904257058577 -186.73774882085715 1.2
vertex 172.84904257058585 -186.73774882085712 0
endloop
endfacet
facet normal 0.5735776840650437 -0.819151170628829 0
outer loop
vertex 173.1346170317114 -186.53778678220826 1.2
vertex 172.84904257058585 -186.73774882085712 0
vertex 173.13461703171137 -186.5377867822083 0
endloop
endfacet
facet normal 0.7071030721538716 -0.7071104901997682 0
outer loop
vertex 173.38113000000018 -186.2912763999998 1.2
vertex 173.1346170317114 -186.53778678220826 1.2
vertex 173.13461703171137 -186.5377867822083 0
endloop
endfacet
facet normal 0.7071030721538716 -0.7071104901997682 0
outer loop
vertex 173.38113000000018 -186.2912763999998 1.2
vertex 173.13461703171137 -186.5377867822083 0
vertex 173.3811300000001 -186.29127639999987 0
endloop
endfacet
facet normal 0 0 1
outer loop
vertex 186.9022720000004 -170.17740209999957 1.2
vertex 184.62991120726616 -172.8854970359427 1.2
vertex 182.82280681564768 -175.03912082108735 1.2
endloop
endfacet
facet normal 0 0 1
outer loop
vertex 186.9022720000004 -170.17740209999957 1.2
vertex 182.82280681564768 -175.03912082108735 1.2
vertex 175.63088620206096 -183.61012057413444 1.2
endloop
endfacet
facet normal 0 0 1
outer loop
vertex 186.9022720000004 -170.17740209999957 1.2
vertex 175.63088620206096 -183.61012057413444 1.2
vertex 173.38113000000018 -186.2912763999998 1.2
endloop
endfacet
facet normal 0 0 1
outer loop
vertex 186.9022720000004 -170.17740209999957 1.2
vertex 173.38113000000018 -186.2912763999998 1.2
vertex 173.3811300000001 -186.29127639999987 0
endloop
endfacet
facet normal 0.7660445363312587 -0.6427874986004527 -2.7068295213474015e-14
outer loop
vertex 186.9022720000004 -170.17740209999957 1.2
vertex 173.3811300000001 -186.29127639999987 0
vertex 175.63088620206096 -183.6101205741344 0
endloop
endfacet
facet normal 0.7660445363312587 -0.6427874986004527 -2.7068295213474015e-14
outer loop
vertex 186.9022720000004 -170.17740209999957 1.2
vertex 175.63088620206096 -183.6101205741344 0
vertex 182.82280681564762 -175.03912082108738 0
endloop
endfacet
facet normal 0.7660445363312587 -0.6427874986004527 -2.7068295213474015e-14
outer loop
vertex 186.9022720000004 -170.17740209999957 1.2
vertex 182.82280681564762 -175.03912082108738 0
vertex 184.62991120726616 -172.8854970359427 0
endloop
endfacet
facet normal 0.7660445363312587 -0.6427874986004527 -2.7068295213474015e-14
outer loop
vertex 186.9022720000004 -170.17740209999957 1.2
vertex 184.62991120726616 -172.8854970359427 0
vertex 186.90227200000012 -170.17740209999988 0
endloop
endfacet
facet normal 0.818586347909446 -0.5743834877642946 0
outer loop
vertex 187.10025963012788 -169.89523874654367 1.2
vertex 186.9022720000004 -170.17740209999957 1.2
vertex 186.90227200000012 -170.17740209999988 0
endloop
endfacet
facet normal 0.818586347909446 -0.5743834877642946 0
outer loop
vertex 187.10025963012788 -169.89523874654367 1.2
vertex 186.90227200000012 -170.17740209999988 0
vertex 187.10025963012794 -169.89523874654347 0
endloop
endfacet
facet normal 0.9050543476175269 -0.42529592974611546 0
outer loop
vertex 187.24685739107875 -169.58327022857836 1.2
vertex 187.10025963012788 -169.89523874654367 1.2
vertex 187.10025963012794 -169.89523874654347 0
endloop
endfacet
facet normal 0.9050543476175269 -0.42529592974611546 0
outer loop
vertex 187.24685739107875 -169.58327022857836 1.2
vertex 187.10025963012794 -169.89523874654347 0
vertex 187.2468573910788 -169.58327022857816 0
endloop
endfacet
facet normal 0.964638780482985 -0.2635754601405436 0
outer loop
vertex 187.33771077009254 -169.25076320122497 1.2
vertex 187.24685739107875 -169.58327022857836 1.2
vertex 187.2468573910788 -169.58327022857816 0
endloop
endfacet
facet normal 0.964638780482985 -0.2635754601405436 0
outer loop
vertex 187.33771077009254 -169.25076320122497 1.2
vertex 187.2468573910788 -169.58327022857816 0
vertex 187.33771077009254 -169.250763201225 0
endloop
endfacet
facet normal 0.9955697615393079 -0.09402579384703814 0
outer loop
vertex 187.37012107521315 -168.90759439168724 1.2
vertex 187.33771077009254 -169.25076320122497 1.2
vertex 187.33771077009254 -169.250763201225 0
endloop
endfacet
facet normal 0.9955697615393079 -0.09402579384703814 0
outer loop
vertex 187.37012107521315 -168.90759439168724 1.2
vertex 187.33771077009254 -169.250763201225 0
vertex 187.37012107521315 -168.90759439168724 0
endloop
endfacet
facet normal 0.9969285226496054 0.07831679722559666 0
outer loop
vertex 187.34312559673543 -168.56395722277335 1.2
vertex 187.37012107521315 -168.90759439168724 1.2
vertex 187.37012107521315 -168.90759439168724 0
endloop
endfacet
facet normal 0.9969285226496054 0.07831679722559666 0
outer loop
vertex 187.34312559673543 -168.56395722277335 1.2
vertex 187.37012107521315 -168.90759439168724 0
vertex 187.34312559673543 -168.5639572227734 0
endloop
endfacet
facet normal 0.9686747034253268 0.24833308064745502 0
outer loop
vertex 187.25752620335612 -168.23005902935142 1.2
vertex 187.34312559673543 -168.56395722277335 1.2
vertex 187.34312559673543 -168.5639572227734 0
endloop
endfacet
facet normal 0.9686747034253268 0.24833308064745502 0
outer loop
vertex 187.25752620335612 -168.23005902935142 1.2
vertex 187.34312559673543 -168.5639572227734 0
vertex 187.25752620335612 -168.23005902935145 0
endloop
endfacet
facet normal 0.9116475500837412 0.41097292420098996 0
outer loop
vertex 187.1158655236141 -167.91581786156382 1.2
vertex 187.25752620335612 -168.23005902935142 1.2
vertex 187.25752620335612 -168.23005902935145 0
endloop
endfacet
facet normal 0.9116475500837412 0.41097292420098996 0
outer loop
vertex 187.1158655236141 -167.91581786156382 1.2
vertex 187.25752620335612 -168.23005902935145 0
vertex 187.11586552361405 -167.91581786156368 0
endloop
endfacet
facet normal 0.8275409866336635 0.5614053040730761 0
outer loop
vertex 186.9223514201233 -167.63056788090194 1.2
vertex 187.1158655236141 -167.91581786156382 1.2
vertex 187.11586552361405 -167.91581786156368 0
endloop
endfacet
facet normal 0.8275409866336635 0.5614053040730761 0
outer loop
vertex 186.9223514201233 -167.63056788090194 1.2
vertex 187.11586552361405 -167.91581786156368 0
vertex 186.92235142012348 -167.63056788090213 0
endloop
endfacet
facet normal 0.7188532542328883 0.695161850851143 0
outer loop
vertex 186.68273400000007 -167.38278420000003 1.2
vertex 186.9223514201233 -167.63056788090194 1.2
vertex 186.92235142012348 -167.63056788090213 0
endloop
endfacet
facet normal 0.7188532542328883 0.695161850851143 0
outer loop
vertex 186.68273400000007 -167.38278420000003 1.2
vertex 186.92235142012348 -167.63056788090213 0
vertex 186.682734 -167.3827842 0
endloop
endfacet
facet normal 0 0 -1
outer loop
vertex 158.1874549999999 -142.5979359999999 1.2
vertex 169.01792869369015 -152.0181507110826 1.2
vertex 169.6765392106345 -152.59100215378612 1.2
endloop
endfacet
facet normal 0 0 -1
outer loop
vertex 158.1874549999999 -142.5979359999999 1.2
vertex 169.6765392106345 -152.59100215378612 1.2
vertex 177.61985921824146 -159.50000559230523 1.2
endloop
endfacet
facet normal 0 0 -1
outer loop
vertex 158.1874549999999 -142.5979359999999 1.2
vertex 177.61985921824146 -159.50000559230523 1.2
vertex 177.72027977556672 -159.58735017557692 1.2
endloop
endfacet
facet normal 0 0 -1
outer loop
vertex 158.1874549999999 -142.5979359999999 1.2
vertex 177.72027977556672 -159.58735017557692 1.2
vertex 177.97148735289682 -159.80584748072056 1.2
endloop
endfacet
facet normal 0 0 -1
outer loop
vertex 158.1874549999999 -142.5979359999999 1.2
vertex 177.97148735289682 -159.80584748072056 1.2
vertex 178.0900300492486 -159.9089544808064 1.2
endloop
endfacet
facet normal 0 0 -1
outer loop
vertex 158.1874549999999 -142.5979359999999 1.2
vertex 178.0900300492486 -159.9089544808064 1.2
vertex 181.06896961649286 -162.5 1.2
endloop
endfacet
facet normal 0 0 -1
outer loop
vertex 158.1874549999999 -142.5979359999999 1.2
vertex 181.06896961649286 -162.5 1.2
vertex 186.68273400000007 -167.38278420000003 1.2
endloop
endfacet
facet normal 0 0 -1
outer loop
vertex 158.1874549999999 -142.5979359999999 1.2
vertex 186.68273400000007 -167.38278420000003 1.2
vertex 186.682734 -167.3827842 0
endloop
endfacet
facet normal 0.6562743743534434 0.7545223294025146 7.640083530414365e-14
outer loop
vertex 158.1874549999999 -142.5979359999999 1.2
vertex 186.682734 -167.3827842 0
vertex 181.06896961649286 -162.5 0
endloop
endfacet
facet normal 0.6562743743534434 0.7545223294025146 7.640083530414365e-14
outer loop
vertex 158.1874549999999 -142.5979359999999 1.2
vertex 181.06896961649286 -162.5 0
vertex 178.09003004924858 -159.9089544808064 0
endloop
endfacet
facet normal 0.6562743743534434 0.7545223294025146 7.640083530414365e-14
outer loop
vertex 158.1874549999999 -142.5979359999999 1.2
vertex 178.09003004924858 -159.9089544808064 0
vertex 177.97148735289682 -159.80584748072056 0
endloop
endfacet
facet normal 0.6562743743534434 0.7545223294025146 7.640083530414365e-14
outer loop
vertex 158.1874549999999 -142.5979359999999 1.2
vertex 177.97148735289682 -159.80584748072056 0
vertex 177.7202797755667 -159.58735017557692 0
endloop
endfacet
facet normal 0.6562743743534434 0.7545223294025146 7.640083530414365e-14
outer loop
vertex 158.1874549999999 -142.5979359999999 1.2
vertex 177.7202797755667 -159.58735017557692 0
vertex 177.61985921824146 -159.50000559230523 0
endloop
endfacet
facet normal 0.6562743743534434 0.7545223294025146 7.640083530414365e-14
outer loop
vertex 158.1874549999999 -142.5979359999999 1.2
vertex 177.61985921824146 -159.50000559230523 0
vertex 169.6765392106345 -152.59100215378612 0
endloop
endfacet
facet normal 0.6562743743534434 0.7545223294025146 7.640083530414365e-14
outer loop
vertex 158.1874549999999 -142.5979359999999 1.2
vertex 169.6765392106345 -152.59100215378612 0
vertex 169.01792869369018 -152.01815071108263 0
endloop
endfacet
facet normal 0.6562743743534434 0.7545223294025146 7.640083530414365e-14
outer loop
vertex 158.1874549999999 -142.5979359999999 1.2
vertex 169.01792869369018 -152.01815071108263 0
vertex 158.18745499999963 -142.59793599999963 0
endloop
endfacet
facet normal 0.7083150443379088 0.7058964498880741 0
outer loop
vertex 157.98646214184186 -142.3962544852956 1.2
vertex 158.1874549999999 -142.5979359999999 1.2
vertex 158.18745499999963 -142.59793599999963 0
endloop
endfacet
facet normal 0.7083150443379088 0.7058964498880741 0
outer loop
vertex 157.98646214184186 -142.3962544852956 1.2
vertex 158.18745499999963 -142.59793599999963 0
vertex 157.98646214184183 -142.39625448529557 0
endloop
endfacet
facet normal 0.801378334457095 0.5981578094974371 0
outer loop
vertex 157.81614615883944 -142.16807466949655 1.2
vertex 157.98646214184186 -142.3962544852956 1.2
vertex 157.98646214184183 -142.39625448529557 0
endloop
endfacet
facet normal 0.801378334457095 0.5981578094974371 0
outer loop
vertex 157.81614615883944 -142.16807466949655 1.2
vertex 157.98646214184183 -142.39625448529557 0
vertex 157.81614615883942 -142.16807466949652 0
endloop
endfacet
facet normal 0.8781989754743276 0.47829547298280123 0
outer loop
vertex 157.67995908186202 -141.91802139023685 1.2
vertex 157.81614615883944 -142.16807466949655 1.2
vertex 157.81614615883942 -142.16807466949652 0
endloop
endfacet
facet normal 0.8781989754743276 0.47829547298280123 0
outer loop
vertex 157.67995908186202 -141.91802139023685 1.2
vertex 157.81614615883942 -142.16807466949652 0
vertex 157.6799590818621 -141.91802139023704 0
endloop
endfacet
facet normal 0.9372199366311453 0.3487388569992051 0
outer loop
vertex 157.58066120378058 -141.65116282505173 1.2
vertex 157.67995908186202 -141.91802139023685 1.2
vertex 157.6799590818621 -141.91802139023704 0
endloop
endfacet
facet normal 0.9372199366311453 0.3487388569992051 0
outer loop
vertex 157.58066120378058 -141.65116282505173 1.2
vertex 157.6799590818621 -141.91802139023704 0
vertex 157.58066120378052 -141.65116282505156 0
endloop
endfacet
facet normal 0.9772449580333332 0.21211386564397153 0
outer loop
vertex 157.52026513277397 -141.3729077675757 1.2
vertex 157.58066120378058 -141.65116282505173 1.2
vertex 157.58066120378052 -141.65116282505156 0
endloop
endfacet
facet normal 0.9772449580333332 0.21211386564397153 0
outer loop
vertex 157.52026513277397 -141.3729077675757 1.2
vertex 157.58066120378052 -141.65116282505156 0
vertex 157.52026513277397 -141.37290776757573 0
endloop
endfacet
facet normal 0.9974641148568195 0.07117119904077637 0
outer loop
vertex 157.5 -141.0888920000001 1.2
vertex 157.52026513277397 -141.3729077675757 1.2
vertex 157.52026513277397 -141.37290776757573 0
endloop
endfacet
facet normal 0.9974641148568195 0.07117119904077637 0
outer loop
vertex 157.5 -141.0888920000001 1.2
vertex 157.52026513277397 -141.37290776757573 0
vertex 157.5 -141.08889200000004 0
endloop
endfacet
facet normal 1 0 0
outer loop
vertex 157.5 -79.5000000000001 1.2
vertex 157.5 -84.68233589439333 1.2
vertex 157.5 -107.25238382670084 1.2
endloop
endfacet
facet normal 1 0 0
outer loop
vertex 157.5 -79.5000000000001 1.2
vertex 157.5 -107.25238382670084 1.2
vertex 157.5 -124.79487483080536 1.2
endloop
endfacet
facet normal 1 0 0
outer loop
vertex 157.5 -79.5000000000001 1.2
vertex 157.5 -124.79487483080536 1.2
vertex 157.5 -137 1.2
endloop
endfacet
facet normal 1 0 0
outer loop
vertex 157.5 -79.5000000000001 1.2
vertex 157.5 -137 1.2
vertex 157.5 -139.609086476126 1.2
endloop
endfacet
facet normal 1 0 0
outer loop
vertex 157.5 -79.5000000000001 1.2
vertex 157.5 -139.609086476126 1.2
vertex 157.5 -141.0888920000001 1.2
endloop
endfacet
facet normal 1 0 0
outer loop
vertex 157.5 -79.5000000000001 1.2
vertex 157.5 -141.0888920000001 1.2
vertex 157.5 -141.08889200000004 0
endloop
endfacet
facet normal 1 0 0
outer loop
vertex 157.5 -79.5000000000001 1.2
vertex 157.5 -141.08889200000004 0
vertex 157.5 -139.609086476126 0
endloop
endfacet
facet normal 1 0 0
outer loop
vertex 157.5 -79.5000000000001 1.2
vertex 157.5 -139.609086476126 0
vertex 157.5 -137 0
endloop
endfacet
facet normal 1 0 0
outer loop
vertex 157.5 -79.5000000000001 1.2
vertex 157.5 -137 0
vertex 157.5 -124.79487483080536 0
endloop
endfacet
facet normal 1 0 0
outer loop
vertex 157.5 -79.5000000000001 1.2
vertex 157.5 -124.79487483080536 0
vertex 157.5 -107.25238382670085 0
endloop
endfacet
facet normal 1 0 0
outer loop
vertex 157.5 -79.5000000000001 1.2
vertex 157.5 -107.25238382670085 0
vertex 157.5 -84.68233589439335 0
endloop
endfacet
facet normal 1 0 0
outer loop
vertex 157.5 -79.5000000000001 1.2
vertex 157.5 -84.68233589439335 0
vertex 157.5 -79.5 0
endloop
endfacet
facet normal 0.9961946980917459 0.08715574274765463 0
outer loop
vertex 157.4696155060244 -79.15270364466612 1.2
vertex 157.5 -79.5000000000001 1.2
vertex 157.5 -79.5 0
endloop
endfacet
facet normal 0.9961946980917459 0.08715574274765463 0
outer loop
vertex 157.4696155060244 -79.15270364466612 1.2
vertex 157.5 -79.5 0
vertex 157.4696155060244 -79.15270364466615 0
endloop
endfacet
facet normal 0.9659258262890631 0.2588190451025404 0
outer loop
vertex 157.3793852415718 -78.81595971334859 1.2
vertex 157.4696155060244 -79.15270364466612 1.2
vertex 157.4696155060244 -79.15270364466615 0
endloop
endfacet
facet normal 0.9659258262890631 0.2588190451025404 0
outer loop
vertex 157.3793852415718 -78.81595971334859 1.2
vertex 157.4696155060244 -79.15270364466615 0
vertex 157.37938524157175 -78.81595971334846 0
endloop
endfacet
facet normal 0.9063077870366388 0.4226182617407234 0
outer loop
vertex 157.23205080756895 -78.50000000000011 1.2
vertex 157.3793852415718 -78.81595971334859 1.2
vertex 157.37938524157175 -78.81595971334846 0
endloop
endfacet
facet normal 0.9063077870366388 0.4226182617407234 0
outer loop
vertex 157.23205080756895 -78.50000000000011 1.2
vertex 157.37938524157175 -78.81595971334846 0
vertex 157.23205080756898 -78.5000000000002 0
endloop
endfacet
facet normal 0.8191520442889821 0.5735764363510599 0
outer loop
vertex 157.03208888623797 -78.21442478062697 1.2
vertex 157.23205080756895 -78.50000000000011 1.2
vertex 157.23205080756898 -78.5000000000002 0
endloop
endfacet
facet normal 0.8191520442889821 0.5735764363510599 0
outer loop
vertex 157.03208888623797 -78.21442478062697 1.2
vertex 157.23205080756898 -78.5000000000002 0
vertex 157.0320888862379 -78.21442478062687 0
endloop
endfacet
facet normal 0.7071067811865688 0.7071067811865261 0
outer loop
vertex 156.7855752193731 -77.96791111376207 1.2
vertex 157.03208888623797 -78.21442478062697 1.2
vertex 157.0320888862379 -78.21442478062687 0
endloop
endfacet
facet normal 0.7071067811865688 0.7071067811865261 0
outer loop
vertex 156.7855752193731 -77.96791111376207 1.2
vertex 157.0320888862379 -78.21442478062687 0
vertex 156.78557521937307 -77.96791111376204 0
endloop
endfacet
facet normal 0.573576436351047 0.8191520442889911 0
outer loop
vertex 156.49999999999994 -77.76794919243109 1.2
vertex 156.7855752193731 -77.96791111376207 1.2
vertex 156.78557521937307 -77.96791111376204 0
endloop
endfacet
facet normal 0.573576436351047 0.8191520442889911 0
outer loop
vertex 156.49999999999994 -77.76794919243109 1.2
vertex 156.78557521937307 -77.96791111376204 0
vertex 156.50000000000003 -77.76794919243113 0
endloop
endfacet
facet normal 0.42261826174068823 0.9063077870366553 0
outer loop
vertex 156.18404028665137 -77.62061475842819 1.2
vertex 156.49999999999994 -77.76794919243109 1.2
vertex 156.50000000000003 -77.76794919243113 0
endloop
endfacet
facet normal 0.42261826174068823 0.9063077870366553 0
outer loop
vertex 156.18404028665137 -77.62061475842819 1.2
vertex 156.50000000000003 -77.76794919243113 0
vertex 156.18404028665137 -77.6206147584282 0
endloop
endfacet
facet normal 0.25881904510254106 0.9659258262890629 0
outer loop
vertex 155.84729635533392 -77.5303844939756 1.2
vertex 156.18404028665137 -77.62061475842819 1.2
vertex 156.18404028665137 -77.6206147584282 0
endloop
endfacet
facet normal 0.25881904510254106 0.9659258262890629 0
outer loop
vertex 155.84729635533392 -77.5303844939756 1.2
vertex 156.18404028665137 -77.6206147584282 0
vertex 155.8472963553339 -77.5303844939756 0
endloop
endfacet
facet normal 0.08715574274768298 0.9961946980917433 0
outer loop
vertex 155.49999999999991 -77.5 1.2
vertex 155.84729635533392 -77.5303844939756 1.2
vertex 155.8472963553339 -77.5303844939756 0
endloop
endfacet
facet normal 0.08715574274768298 0.9961946980917433 0
outer loop
vertex 155.49999999999991 -77.5 1.2
vertex 155.8472963553339 -77.5303844939756 0
vertex 155.49999999999986 -77.5 0
endloop
endfacet
facet normal 0 1 0
outer loop
vertex 121.50000000000009 -77.5 1.2
vertex 133 -77.5 1.2
vertex 139.88517486383927 -77.5 1.2
endloop
endfacet
facet normal 0 1 0
outer loop
vertex 121.50000000000009 -77.5 1.2
vertex 139.88517486383927 -77.5 1.2
vertex 152 -77.5 1.2
endloop
endfacet
facet normal 0 1 0
outer loop
vertex 121.50000000000009 -77.5 1.2
vertex 152 -77.5 1.2
vertex 155.49999999999991 -77.5 1.2
endloop
endfacet
facet normal 0 1 0
outer loop
vertex 121.50000000000009 -77.5 1.2
vertex 155.49999999999991 -77.5 1.2
vertex 155.49999999999986 -77.5 0
endloop
endfacet
facet normal 0 1 0
outer loop
vertex 121.50000000000009 -77.5 1.2
vertex 155.49999999999986 -77.5 0
vertex 152 -77.5 0
endloop
endfacet
facet normal 0 1 0
outer loop
vertex 121.50000000000009 -77.5 1.2
vertex 152 -77.5 0
vertex 139.88517486383924 -77.5 0
endloop
endfacet
facet normal 0 1 0
outer loop
vertex 121.50000000000009 -77.5 1.2
vertex 139.88517486383924 -77.5 0
vertex 133 -77.5 0
endloop
endfacet
facet normal 0 1 0
outer loop
vertex 121.50000000000009 -77.5 1.2
vertex 133 -77.5 0
vertex 121.5000000000001 -77.5 0
endloop
endfacet
facet normal 0.08715574274765456 0.996194698091746 0
outer loop
vertex 121.15270364466615 -77.46961550602441 1.2
vertex 121.50000000000009 -77.5 1.2
vertex 121.5000000000001 -77.5 0
endloop
endfacet
facet normal 0.08715574274765456 0.996194698091746 0
outer loop
vertex 121.15270364466615 -77.46961550602441 1.2
vertex 121.5000000000001 -77.5 0
vertex 121.15270364466613 -77.4696155060244 0
endloop
endfacet
facet normal 0.2588190451025413 0.9659258262890629 0
outer loop
vertex 120.8159597133486 -77.37938524157178 1.2
vertex 121.15270364466615 -77.46961550602441 1.2
vertex 121.15270364466613 -77.4696155060244 0
endloop
endfacet
facet normal 0.2588190451025413 0.9659258262890629 0
outer loop
vertex 120.8159597133486 -77.37938524157178 1.2
vertex 121.15270364466613 -77.4696155060244 0
vertex 120.81595971334866 -77.37938524157181 0
endloop
endfacet
facet normal 0 0 1
outer loop
vertex 120.49999999999999 -77.23205080756887 1.2
vertex 120.57920830217356 -77.26898624546186 1.2
vertex 120.8159597133486 -77.37938524157178 1.2
endloop
endfacet
facet normal 0 0 1
outer loop
vertex 120.49999999999999 -77.23205080756887 1.2
vertex 120.8159597133486 -77.37938524157178 1.2
vertex 120.81595971334866 -77.37938524157181 0
endloop
endfacet
facet normal 0.42261826174072864 0.9063077870366363 1.1455195102242155e-14
outer loop
vertex 120.49999999999999 -77.23205080756887 1.2
vertex 120.81595971334866 -77.37938524157181 0
vertex 120.57920830217356 -77.26898624546185 0
endloop
endfacet
facet normal 0.42261826174072864 0.9063077870366363 1.1455195102242155e-14
outer loop
vertex 120.49999999999999 -77.23205080756887 1.2
vertex 120.57920830217356 -77.26898624546185 0
vertex 120.49999999999991 -77.23205080756883 0
endloop
endfacet
facet normal 0.5735764363510601 0.8191520442889819 0
outer loop
vertex 120.21442478062693 -77.03208888623796 1.2
vertex 120.49999999999999 -77.23205080756887 1.2
vertex 120.49999999999991 -77.23205080756883 0
endloop
endfacet
facet normal 0.5735764363510601 0.8191520442889819 0
outer loop
vertex 120.21442478062693 -77.03208888623796 1.2
vertex 120.49999999999991 -77.23205080756883 0
vertex 120.21442478062694 -77.03208888623797 0
endloop
endfacet
facet normal 0.7071067811865405 0.7071067811865547 0
outer loop
vertex 119.96791111376204 -76.78557521937307 1.2
vertex 120.21442478062693 -77.03208888623796 1.2
vertex 120.21442478062694 -77.03208888623797 0
endloop
endfacet
facet normal 0.7071067811865405 0.7071067811865547 0
outer loop
vertex 119.96791111376204 -76.78557521937307 1.2
vertex 120.21442478062694 -77.03208888623797 0
vertex 119.96791111376203 -76.78557521937306 0
endloop
endfacet
facet normal 0.8191520442889809 0.5735764363510616 0
outer loop
vertex 119.76794919243113 -76.50000000000001 1.2
vertex 119.96791111376204 -76.78557521937307 1.2
vertex 119.96791111376203 -76.78557521937306 0
endloop
endfacet
facet normal 0.8191520442889809 0.5735764363510616 0
outer loop
vertex 119.76794919243113 -76.50000000000001 1.2
vertex 119.96791111376203 -76.78557521937306 0
vertex 119.76794919243116 -76.50000000000007 0
endloop
endfacet
facet normal 0.9063077870366528 0.4226182617406933 0
outer loop
vertex 119.62061475842819 -76.18404028665132 1.2
vertex 119.76794919243113 -76.50000000000001 1.2
vertex 119.76794919243116 -76.50000000000007 0
endloop
endfacet
facet normal 0.9063077870366528 0.4226182617406933 0
outer loop
vertex 119.62061475842819 -76.18404028665132 1.2
vertex 119.76794919243116 -76.50000000000007 0
vertex 119.62061475842818 -76.18404028665128 0
endloop
endfacet
facet normal 0.9659258262890704 0.25881904510251297 0
outer loop
vertex 119.5303844939756 -75.8472963553339 1.2
vertex 119.62061475842819 -76.18404028665132 1.2
vertex 119.62061475842818 -76.18404028665128 0
endloop
endfacet
facet normal 0.9659258262890704 0.25881904510251297 0
outer loop
vertex 119.5303844939756 -75.8472963553339 1.2
vertex 119.62061475842818 -76.18404028665128 0
vertex 119.5303844939756 -75.84729635533388 0
endloop
endfacet
facet normal 0.9961946980917447 0.0871557427476689 0
outer loop
vertex 119.5 -75.49999999999989 1.2
vertex 119.5303844939756 -75.8472963553339 1.2
vertex 119.5303844939756 -75.84729635533388 0
endloop
endfacet
facet normal 0.9961946980917447 0.0871557427476689 0
outer loop
vertex 119.5 -75.49999999999989 1.2
vertex 119.5303844939756 -75.84729635533388 0
vertex 119.5 -75.49999999999987 0
endloop
endfacet
facet normal 1 0 0
outer loop
vertex 119.5 -74.50000000000007 1.2
vertex 119.5 -75.49999999999989 1.2
vertex 119.5 -75.49999999999987 0
endloop
endfacet
facet normal 1 0 0
outer loop
vertex 119.5 -74.50000000000007 1.2
vertex 119.5 -75.49999999999987 0
vertex 119.5 -74.50000000000006 0
endloop
endfacet
facet normal 0.9961946980917448 0.08715574274766874 0
outer loop
vertex 119.46961550602441 -74.15270364466615 1.2
vertex 119.5 -74.50000000000007 1.2
vertex 119.5 -74.50000000000006 0
endloop
endfacet
facet normal 0.9961946980917448 0.08715574274766874 0
outer loop
vertex 119.46961550602441 -74.15270364466615 1.2
vertex 119.5 -74.50000000000006 0
vertex 119.4696155060244 -74.15270364466612 0
endloop
endfacet
facet normal 0.9659258262890704 0.25881904510251297 0
outer loop
vertex 119.3793852415718 -73.81595971334863 1.2
vertex 119.46961550602441 -74.15270364466615 1.2
vertex 119.4696155060244 -74.15270364466612 0
endloop
endfacet
facet normal 0.9659258262890704 0.25881904510251297 0
outer loop
vertex 119.3793852415718 -73.81595971334863 1.2
vertex 119.4696155060244 -74.15270364466612 0
vertex 119.37938524157181 -73.81595971334866 0
endloop
endfacet
facet normal 0 0 1
outer loop
vertex 119.23205080756881 -73.49999999999989 1.2
vertex 119.34649462753032 -73.74542556391691 1.2
vertex 119.3793852415718 -73.81595971334863 1.2
endloop
endfacet
facet normal 0 0 1
outer loop
vertex 119.23205080756881 -73.49999999999989 1.2
vertex 119.3793852415718 -73.81595971334863 1.2
vertex 119.37938524157181 -73.81595971334866 0
endloop
endfacet
facet normal 0.9063077870367291 0.4226182617405299 6.025680956522514e-14
outer loop
vertex 119.23205080756881 -73.49999999999989 1.2
vertex 119.37938524157181 -73.81595971334866 0
vertex 119.34649462753032 -73.74542556391684 0
endloop
endfacet
facet normal 0.9063077870367291 0.4226182617405299 6.025680956522514e-14
outer loop
vertex 119.23205080756881 -73.49999999999989 1.2
vertex 119.34649462753032 -73.74542556391684 0
vertex 119.23205080756891 -73.50000000000003 0
endloop
endfacet
facet normal 0.819152044288981 0.5735764363510616 0
outer loop
vertex 119.03208888623799 -73.21442478062694 1.2
vertex 119.23205080756881 -73.49999999999989 1.2
vertex 119.23205080756891 -73.50000000000003 0
endloop
endfacet
facet normal 0.819152044288981 0.5735764363510616 0
outer loop
vertex 119.03208888623799 -73.21442478062694 1.2
vertex 119.23205080756891 -73.50000000000003 0
vertex 119.03208888623799 -73.21442478062697 0
endloop
endfacet
facet normal 0.7071067811865476 0.7071067811865476 0
outer loop
vertex 118.78557521937311 -72.96791111376207 1.2
vertex 119.03208888623799 -73.21442478062694 1.2
vertex 119.03208888623799 -73.21442478062697 0
endloop
endfacet
facet normal 0.7071067811865476 0.7071067811865476 0
outer loop
vertex 118.78557521937311 -72.96791111376207 1.2
vertex 119.03208888623799 -73.21442478062697 0
vertex 118.78557521937307 -72.96791111376206 0
endloop
endfacet
facet normal 0 0 1
outer loop
vertex 118.5 -72.76794919243112 1.2
vertex 118.75268460533164 -72.94488085787388 1.2
vertex 118.78557521937311 -72.96791111376207 1.2
endloop
endfacet
facet normal 0 0 1
outer loop
vertex 118.5 -72.76794919243112 1.2
vertex 118.78557521937311 -72.96791111376207 1.2
vertex 118.78557521937307 -72.96791111376206 0
endloop
endfacet
facet normal 0.5735764363510509 0.8191520442889884 -1.3249191166875883e-14
outer loop
vertex 118.5 -72.76794919243112 1.2
vertex 118.78557521937307 -72.96791111376206 0
vertex 118.75268460533164 -72.9448808578739 0
endloop
endfacet
facet normal 0.5735764363510509 0.8191520442889884 -1.3249191166875883e-14
outer loop
vertex 118.5 -72.76794919243112 1.2
vertex 118.75268460533164 -72.9448808578739 0
vertex 118.49999999999997 -72.7679491924311 0
endloop
endfacet
facet normal 0.422618261740677 0.9063077870366605 0
outer loop
vertex 118.18404028665131 -72.62061475842818 1.2
vertex 118.5 -72.76794919243112 1.2
vertex 118.49999999999997 -72.7679491924311 0
endloop
endfacet
facet normal 0.422618261740677 0.9063077870366605 0
outer loop
vertex 118.18404028665131 -72.62061475842818 1.2
vertex 118.49999999999997 -72.7679491924311 0
vertex 118.18404028665128 -72.62061475842816 0
endloop
endfacet
facet normal 0 0 -1
outer loop
vertex 117.84729635533392 -72.5303844939756 1.2
vertex 117.92682377556415 -72.55169380200242 1.2
vertex 118.18404028665131 -72.62061475842818 1.2
endloop
endfacet
facet normal 0 0 -1
outer loop
vertex 117.84729635533392 -72.5303844939756 1.2
vertex 118.18404028665131 -72.62061475842818 1.2
vertex 118.18404028665128 -72.62061475842816 0
endloop
endfacet
facet normal 0.2588190451024972 0.9659258262890746 7.817293842454657e-16
outer loop
vertex 117.84729635533392 -72.5303844939756 1.2
vertex 118.18404028665128 -72.62061475842816 0
vertex 117.92682377556415 -72.55169380200242 0
endloop
endfacet
facet normal 0.2588190451024972 0.9659258262890746 7.817293842454657e-16
outer loop
vertex 117.84729635533392 -72.5303844939756 1.2
vertex 117.92682377556415 -72.55169380200242 0
vertex 117.84729635533392 -72.5303844939756 0
endloop
endfacet
facet normal 0.08715574274766881 0.9961946980917447 0
outer loop
vertex 117.49999999999989 -72.5 1.2
vertex 117.84729635533392 -72.5303844939756 1.2
vertex 117.84729635533392 -72.5303844939756 0
endloop
endfacet
facet normal 0.08715574274766881 0.9961946980917447 0
outer loop
vertex 117.49999999999989 -72.5 1.2
vertex 117.84729635533392 -72.5303844939756 0
vertex 117.49999999999993 -72.5 0
endloop
endfacet
facet normal 0 1 0
outer loop
vertex 94.5 -72.5 1.2
vertex 95 -72.5 1.2
vertex 100 -72.5 1.2
endloop
endfacet
facet normal 0 1 0
outer loop
vertex 94.5 -72.5 1.2
vertex 100 -72.5 1.2
vertex 105.28480484240015 -72.5 1.2
endloop
endfacet
facet normal 0 1 0
outer loop
vertex 94.5 -72.5 1.2
vertex 105.28480484240015 -72.5 1.2
vertex 110.352084294965 -72.5 1.2
endloop
endfacet
facet normal 0 1 0
outer loop
vertex 94.5 -72.5 1.2
vertex 110.352084294965 -72.5 1.2
vertex 113.74193107136834 -72.5 1.2
endloop
endfacet
facet normal 0 1 0
outer loop
vertex 94.5 -72.5 1.2
vertex 113.74193107136834 -72.5 1.2
vertex 115.68233589438897 -72.5 1.2
endloop
endfacet
facet normal 0 1 0
outer loop
vertex 94.5 -72.5 1.2
vertex 115.68233589438897 -72.5 1.2
vertex 116.96711903959218 -72.5 1.2
endloop
endfacet
facet normal 0 1 0
outer loop
vertex 94.5 -72.5 1.2
vertex 116.96711903959218 -72.5 1.2
vertex 117.49999999999989 -72.5 1.2
endloop
endfacet
facet normal 0 1 0
outer loop
vertex 94.5 -72.5 1.2
vertex 117.49999999999989 -72.5 1.2
vertex 117.49999999999993 -72.5 0
endloop
endfacet
facet normal 0 1 0
outer loop
vertex 94.5 -72.5 1.2
vertex 117.49999999999993 -72.5 0
vertex 116.96711903959216 -72.5 0
endloop
endfacet
facet normal 0 1 0
outer loop
vertex 94.5 -72.5 1.2
vertex 116.96711903959216 -72.5 0
vertex 115.68233589438897 -72.5 0
endloop
endfacet
facet normal 0 1 0
outer loop
vertex 94.5 -72.5 1.2
vertex 115.68233589438897 -72.5 0
vertex 113.74193107136834 -72.5 0
endloop
endfacet
facet normal 0 1 0
outer loop
vertex 94.5 -72.5 1.2
vertex 113.74193107136834 -72.5 0
vertex 110.35208429496498 -72.5 0
endloop
endfacet
facet normal 0 1 0
outer loop
vertex 94.5 -72.5 1.2
vertex 110.35208429496498 -72.5 0
vertex 105.28480484240013 -72.5 0
endloop
endfacet
facet normal 0 1 0
outer loop
vertex 94.5 -72.5 1.2
vertex 105.28480484240013 -72.5 0
vertex 100 -72.5 0
endloop
endfacet
facet normal 0 1 0
outer loop
vertex 94.5 -72.5 1.2
vertex 100 -72.5 0
vertex 95 -72.5 0
endloop
endfacet
facet normal 0 1 0
outer loop
vertex 94.5 -72.5 1.2
vertex 95 -72.5 0
vertex 94.5 -72.5 0
endloop
endfacet
facet normal -1 0 0
outer loop
vertex 94.5 -73.49999999999997 1.2
vertex 94.5 -72.5 1.2
vertex 94.5 -72.5 0
endloop
endfacet
facet normal -1 0 0
outer loop
vertex 94.5 -73.49999999999997 1.2
vertex 94.5 -72.5 0
vertex 94.5 -73.49999999999996 0
endloop
endfacet
facet normal -0.9961946980917433 0.08715574274768298 0
outer loop
vertex 94.4696155060244 -73.847296355334 1.2
vertex 94.5 -73.49999999999997 1.2
vertex 94.5 -73.49999999999996 0
endloop
endfacet
facet normal -0.9961946980917433 0.08715574274768298 0
outer loop
vertex 94.4696155060244 -73.847296355334 1.2
vertex 94.5 -73.49999999999996 0
vertex 94.4696155060244 -73.84729635533394 0
endloop
endfacet
facet normal -0.9659258262890629 0.2588190451025413 0
outer loop
vertex 94.37938524157187 -74.1840402866512 1.2
vertex 94.4696155060244 -73.847296355334 1.2
vertex 94.4696155060244 -73.84729635533394 0
endloop
endfacet
facet normal -0.9659258262890629 0.2588190451025413 0
outer loop
vertex 94.37938524157187 -74.1840402866512 1.2
vertex 94.4696155060244 -73.84729635533394 0
vertex 94.37938524157181 -74.18404028665135 0
endloop
endfacet
facet normal -0.9063077870366645 0.4226182617406686 0
outer loop
vertex 94.23205080756884 -74.50000000000006 1.2
vertex 94.37938524157187 -74.1840402866512 1.2
vertex 94.37938524157181 -74.18404028665135 0
endloop
endfacet
facet normal -0.9063077870366645 0.4226182617406686 0
outer loop
vertex 94.23205080756884 -74.50000000000006 1.2
vertex 94.37938524157181 -74.18404028665135 0
vertex 94.2320508075689 -74.49999999999999 0
endloop
endfacet
facet normal -0.819152044288982 0.5735764363510599 0
outer loop
vertex 94.03208888623794 -74.78557521937309 1.2
vertex 94.23205080756884 -74.50000000000006 1.2
vertex 94.2320508075689 -74.49999999999999 0
endloop
endfacet
facet normal -0.819152044288982 0.5735764363510599 0
outer loop
vertex 94.03208888623794 -74.78557521937309 1.2
vertex 94.2320508075689 -74.49999999999999 0
vertex 94.03208888623797 -74.78557521937306 0
endloop
endfacet
facet normal -0.7071067811865547 0.7071067811865405 0
outer loop
vertex 93.78557521937306 -75.03208888623797 1.2
vertex 94.03208888623794 -74.78557521937309 1.2
vertex 94.03208888623797 -74.78557521937306 0
endloop
endfacet
facet normal -0.7071067811865547 0.7071067811865405 0
outer loop
vertex 93.78557521937306 -75.03208888623797 1.2
vertex 94.03208888623797 -74.78557521937306 0
vertex 93.78557521937307 -75.03208888623796 0
endloop
endfacet
facet normal -0.5735764363510599 0.8191520442889821 0
outer loop
vertex 93.50000000000007 -75.23205080756884 1.2
vertex 93.78557521937306 -75.03208888623797 1.2
vertex 93.78557521937307 -75.03208888623796 0
endloop
endfacet
facet normal -0.5735764363510599 0.8191520442889821 0
outer loop
vertex 93.50000000000007 -75.23205080756884 1.2
vertex 93.78557521937307 -75.03208888623796 0
vertex 93.50000000000006 -75.23205080756884 0
endloop
endfacet
facet normal -0.4226182617406803 0.906307787036659 0
outer loop
vertex 93.18404028665121 -75.37938524157187 1.2
vertex 93.50000000000007 -75.23205080756884 1.2
vertex 93.50000000000006 -75.23205080756884 0
endloop
endfacet
facet normal -0.4226182617406803 0.906307787036659 0
outer loop
vertex 93.18404028665121 -75.37938524157187 1.2
vertex 93.50000000000006 -75.23205080756884 0
vertex 93.18404028665121 -75.37938524157185 0
endloop
endfacet
facet normal -0.25881904510251297 0.9659258262890704 0
outer loop
vertex 92.84729635533397 -75.46961550602441 1.2
vertex 93.18404028665121 -75.37938524157187 1.2
vertex 93.18404028665121 -75.37938524157185 0
endloop
endfacet
facet normal -0.25881904510251297 0.9659258262890704 0
outer loop
vertex 92.84729635533397 -75.46961550602441 1.2
vertex 93.18404028665121 -75.37938524157185 0
vertex 92.84729635533394 -75.4696155060244 0
endloop
endfacet
facet normal -0.08715574274766881 0.9961946980917447 0
outer loop
vertex 92.50000000000009 -75.5 1.2
vertex 92.84729635533397 -75.46961550602441 1.2
vertex 92.84729635533394 -75.4696155060244 0
endloop
endfacet
facet normal -0.08715574274766881 0.9961946980917447 0
outer loop
vertex 92.50000000000009 -75.5 1.2
vertex 92.84729635533394 -75.4696155060244 0
vertex 92.49999999999991 -75.5 0
endloop
endfacet
facet normal 0 1 0
outer loop
vertex 77.49999999999997 -75.5 1.2
vertex 81 -75.5 1.2
vertex 81.5 -75.5 1.2
endloop
endfacet
facet normal 0 1 0
outer loop
vertex 77.49999999999997 -75.5 1.2
vertex 81.5 -75.5 1.2
vertex 89.0240250632306 -75.5 1.2
endloop
endfacet
facet normal 0 1 0
outer loop
vertex 77.49999999999997 -75.5 1.2
vertex 89.0240250632306 -75.5 1.2
vertex 92.50000000000009 -75.5 1.2
endloop
endfacet
facet normal 0 1 0
outer loop
vertex 77.49999999999997 -75.5 1.2
vertex 92.50000000000009 -75.5 1.2
vertex 92.49999999999991 -75.5 0
endloop
endfacet
facet normal 0 1 0
outer loop
vertex 77.49999999999997 -75.5 1.2
vertex 92.49999999999991 -75.5 0
vertex 89.02402506323061 -75.5 0
endloop
endfacet
facet normal 0 1 0
outer loop
vertex 77.49999999999997 -75.5 1.2
vertex 89.02402506323061 -75.5 0
vertex 81.5 -75.5 0
endloop
endfacet
facet normal 0 1 0
outer loop
vertex 77.49999999999997 -75.5 1.2
vertex 81.5 -75.5 0
vertex 81 -75.5 0
endloop
endfacet
facet normal 0 1 0
outer loop
vertex 77.49999999999997 -75.5 1.2
vertex 81 -75.5 0
vertex 77.49999999999996 -75.5 0
endloop
endfacet
facet normal -0.08715574274766881 0.9961946980917447 0
outer loop
vertex 77.15270364466615 -75.53038449397559 1.2
vertex 77.49999999999997 -75.5 1.2
vertex 77.49999999999996 -75.5 0
endloop
endfacet
facet normal -0.08715574274766881 0.9961946980917447 0
outer loop
vertex 77.15270364466615 -75.53038449397559 1.2
vertex 77.49999999999996 -75.5 0
vertex 77.1527036446661 -75.53038449397559 0
endloop
endfacet
facet normal -0.2588190451025271 0.9659258262890666 0
outer loop
vertex 76.81595971334875 -75.62061475842816 1.2
vertex 77.15270364466615 -75.53038449397559 1.2
vertex 77.1527036446661 -75.53038449397559 0
endloop
endfacet
facet normal -0.2588190451025271 0.9659258262890666 0
outer loop
vertex 76.81595971334875 -75.62061475842816 1.2
vertex 77.1527036446661 -75.53038449397559 0
vertex 76.81595971334873 -75.62061475842816 0
endloop
endfacet
facet normal -0.4226182617406803 0.906307787036659 0
outer loop
vertex 76.49999999999994 -75.76794919243116 1.2
vertex 76.81595971334875 -75.62061475842816 1.2
vertex 76.81595971334873 -75.62061475842816 0
endloop
endfacet
facet normal -0.4226182617406803 0.906307787036659 0
outer loop
vertex 76.49999999999994 -75.76794919243116 1.2
vertex 76.81595971334873 -75.62061475842816 0
vertex 76.50000000000001 -75.76794919243112 0
endloop
endfacet
facet normal -0.5735764363510599 0.8191520442889821 0
outer loop
vertex 76.21442478062684 -75.9679111137621 1.2
vertex 76.49999999999994 -75.76794919243116 1.2
vertex 76.50000000000001 -75.76794919243112 0
endloop
endfacet
facet normal -0.5735764363510599 0.8191520442889821 0
outer loop
vertex 76.21442478062684 -75.9679111137621 1.2
vertex 76.50000000000001 -75.76794919243112 0
vertex 76.21442478062693 -75.96791111376206 0
endloop
endfacet
facet normal -0.7071067811865476 0.7071067811865476 0
outer loop
vertex 75.96791111376206 -76.21442478062689 1.2
vertex 76.21442478062684 -75.9679111137621 1.2
vertex 76.21442478062693 -75.96791111376206 0
endloop
endfacet
facet normal -0.7071067811865476 0.7071067811865476 0
outer loop
vertex 75.96791111376206 -76.21442478062689 1.2
vertex 76.21442478062693 -75.96791111376206 0
vertex 75.96791111376191 -76.21442478062707 0
endloop
endfacet
facet normal -0.8191520442889821 0.5735764363510599 0
outer loop
vertex 75.76794919243119 -76.49999999999989 1.2
vertex 75.96791111376206 -76.21442478062689 1.2
vertex 75.96791111376191 -76.21442478062707 0
endloop
endfacet
facet normal -0.8191520442889821 0.5735764363510599 0
outer loop
vertex 75.76794919243119 -76.49999999999989 1.2
vertex 75.96791111376191 -76.21442478062707 0
vertex 75.76794919243123 -76.49999999999979 0
endloop
endfacet
facet normal -0.906307787036659 0.4226182617406803 0
outer loop
vertex 75.62061475842818 -76.81595971334873 1.2
vertex 75.76794919243119 -76.49999999999989 1.2
vertex 75.76794919243123 -76.49999999999979 0
endloop
endfacet
facet normal -0.906307787036659 0.4226182617406803 0
outer loop
vertex 75.62061475842818 -76.81595971334873 1.2
vertex 75.76794919243123 -76.49999999999979 0
vertex 75.62061475842818 -76.81595971334872 0
endloop
endfacet
facet normal -0.9659258262890666 0.2588190451025271 0
outer loop
vertex 75.53038449397559 -77.15270364466612 1.2
vertex 75.62061475842818 -76.81595971334873 1.2
vertex 75.62061475842818 -76.81595971334872 0
endloop
endfacet
facet normal -0.9659258262890666 0.2588190451025271 0
outer loop
vertex 75.53038449397559 -77.15270364466612 1.2
vertex 75.62061475842818 -76.81595971334872 0
vertex 75.53038449397562 -77.15270364466603 0
endloop
endfacet
facet normal -0.996194698091746 0.08715574274765456 0
outer loop
vertex 75.5 -77.49999999999999 1.2
vertex 75.53038449397559 -77.15270364466612 1.2
vertex 75.53038449397562 -77.15270364466603 0
endloop
endfacet
facet normal -0.996194698091746 0.08715574274765456 0
outer loop
vertex 75.5 -77.49999999999999 1.2
vertex 75.53038449397562 -77.15270364466603 0
vertex 75.5 -77.50000000000023 0
endloop
endfacet
facet normal -1 0 0
outer loop
vertex 75.5 -78.49999999999996 1.2
vertex 75.5 -77.49999999999999 1.2
vertex 75.5 -77.50000000000023 0
endloop
endfacet
facet normal -1 0 0
outer loop
vertex 75.5 -78.49999999999996 1.2
vertex 75.5 -77.50000000000023 0
vertex 75.5 -78.49999999999997 0
endloop
endfacet
facet normal -0.9961946980917433 0.08715574274768298 0
outer loop
vertex 75.46961550602441 -78.8472963553339 1.2
vertex 75.5 -78.49999999999996 1.2
vertex 75.5 -78.49999999999997 0
endloop
endfacet
facet normal -0.9961946980917433 0.08715574274768298 0
outer loop
vertex 75.46961550602441 -78.8472963553339 1.2
vertex 75.5 -78.49999999999997 0
vertex 75.46961550602441 -78.8472963553339 0
endloop
endfacet
facet normal -0.9659258262890666 0.2588190451025271 0
outer loop
vertex 75.37938524157185 -79.18404028665124 1.2
vertex 75.46961550602441 -78.8472963553339 1.2
vertex 75.46961550602441 -78.8472963553339 0
endloop
endfacet
facet normal -0.9659258262890666 0.2588190451025271 0
outer loop
vertex 75.37938524157185 -79.18404028665124 1.2
vertex 75.46961550602441 -78.8472963553339 0
vertex 75.37938524157182 -79.1840402866513 0
endloop
endfacet
facet normal 0 0 1
outer loop
vertex 75.23205080756885 -79.50000000000004 1.2
vertex 75.34649462753032 -79.25457443608316 1.2
vertex 75.37938524157185 -79.18404028665124 1.2
endloop
endfacet
facet normal 0 0 1
outer loop
vertex 75.23205080756885 -79.50000000000004 1.2
vertex 75.37938524157185 -79.18404028665124 1.2
vertex 75.37938524157182 -79.1840402866513 0
endloop
endfacet
facet normal -0.9063077870365986 0.4226182617408094 4.093896679464983e-14
outer loop
vertex 75.23205080756885 -79.50000000000004 1.2
vertex 75.37938524157182 -79.1840402866513 0
vertex 75.34649462753033 -79.25457443608306 0
endloop
endfacet
facet normal -0.9063077870365986 0.4226182617408094 4.093896679464983e-14
outer loop
vertex 75.23205080756885 -79.50000000000004 1.2
vertex 75.34649462753033 -79.25457443608306 0
vertex 75.23205080756881 -79.50000000000011 0
endloop
endfacet
facet normal -0.8191520442889821 0.5735764363510599 0
outer loop
vertex 75.03208888623797 -79.78557521937306 1.2
vertex 75.23205080756885 -79.50000000000004 1.2
vertex 75.23205080756881 -79.50000000000011 0
endloop
endfacet
facet normal -0.8191520442889821 0.5735764363510599 0
outer loop
vertex 75.03208888623797 -79.78557521937306 1.2
vertex 75.23205080756881 -79.50000000000011 0
vertex 75.03208888623797 -79.78557521937307 0
endloop
endfacet
facet normal -0.7071067811865476 0.7071067811865476 0
outer loop
vertex 74.78557521937311 -80.03208888623791 1.2
vertex 75.03208888623797 -79.78557521937306 1.2
vertex 75.03208888623797 -79.78557521937307 0
endloop
endfacet
facet normal -0.7071067811865476 0.7071067811865476 0
outer loop
vertex 74.78557521937311 -80.03208888623791 1.2
vertex 75.03208888623797 -79.78557521937307 0
vertex 74.78557521937306 -80.03208888623796 0
endloop
endfacet
facet normal 0 0 1
outer loop
vertex 74.50000000000009 -80.23205080756883 1.2
vertex 74.75268460533157 -80.05511914212617 1.2
vertex 74.78557521937311 -80.03208888623791 1.2
endloop
endfacet
facet normal 0 0 1
outer loop
vertex 74.50000000000009 -80.23205080756883 1.2
vertex 74.78557521937311 -80.03208888623791 1.2
vertex 74.78557521937306 -80.03208888623796 0
endloop
endfacet
facet normal -0.5735764363512648 0.8191520442888386 -6.365372277989657e-14
outer loop
vertex 74.50000000000009 -80.23205080756883 1.2
vertex 74.78557521937306 -80.03208888623796 0
vertex 74.75268460533158 -80.05511914212616 0
endloop
endfacet
facet normal -0.5735764363512648 0.8191520442888386 -6.365372277989657e-14
outer loop
vertex 74.50000000000009 -80.23205080756883 1.2
vertex 74.75268460533158 -80.05511914212616 0
vertex 74.50000000000011 -80.23205080756881 0
endloop
endfacet
facet normal -0.4226182617406686 0.9063077870366645 0
outer loop
vertex 74.18404028665122 -80.37938524157185 1.2
vertex 74.50000000000009 -80.23205080756883 1.2
vertex 74.50000000000011 -80.23205080756881 0
endloop
endfacet
facet normal -0.4226182617406686 0.9063077870366645 0
outer loop
vertex 74.18404028665122 -80.37938524157185 1.2
vertex 74.50000000000011 -80.23205080756881 0
vertex 74.18404028665118 -80.37938524157187 0
endloop
endfacet
facet normal 0 0 -1
outer loop
vertex 73.84729635533381 -80.46961550602444 1.2
vertex 73.92682377556413 -80.44830619799758 1.2
vertex 74.18404028665122 -80.37938524157185 1.2
endloop
endfacet
facet normal 0 0 -1
outer loop
vertex 73.84729635533381 -80.46961550602444 1.2
vertex 74.18404028665122 -80.37938524157185 1.2
vertex 74.18404028665118 -80.37938524157187 0
endloop
endfacet
facet normal -0.2588190451025408 0.965925826289063 -5.520963776235669e-15
outer loop
vertex 73.84729635533381 -80.46961550602444 1.2
vertex 74.18404028665118 -80.37938524157187 0
vertex 73.92682377556415 -80.4483061979976 0
endloop
endfacet
facet normal -0.2588190451025408 0.965925826289063 -5.520963776235669e-15
outer loop
vertex 73.84729635533381 -80.46961550602444 1.2
vertex 73.92682377556415 -80.4483061979976 0
vertex 73.84729635533395 -80.46961550602441 0
endloop
endfacet
facet normal -0.08715574274766874 0.9961946980917448 0
outer loop
vertex 73.50000000000023 -80.5 1.2
vertex 73.84729635533381 -80.46961550602444 1.2
vertex 73.84729635533395 -80.46961550602441 0
endloop
endfacet
facet normal -0.08715574274766874 0.9961946980917448 0
outer loop
vertex 73.50000000000023 -80.5 1.2
vertex 73.84729635533395 -80.46961550602441 0
vertex 73.5000000000001 -80.5 0
endloop
endfacet
facet normal 0 1 0
outer loop
vertex 39.500000000000014 -80.5 1.2
vertex 58.60584608210138 -80.5 1.2
vertex 66.35208429496498 -80.5 1.2
endloop
endfacet
facet normal 0 1 0
outer loop
vertex 39.500000000000014 -80.5 1.2
vertex 66.35208429496498 -80.5 1.2
vertex 69.74193107136836 -80.5 1.2
endloop
endfacet
facet normal 0 1 0
outer loop
vertex 39.500000000000014 -80.5 1.2
vertex 69.74193107136836 -80.5 1.2
vertex 71.68233589438894 -80.5 1.2
endloop
endfacet
facet normal 0 1 0
outer loop
vertex 39.500000000000014 -80.5 1.2
vertex 71.68233589438894 -80.5 1.2
vertex 72.96711903959215 -80.5 1.2
endloop
endfacet
facet normal 0 1 0
outer loop
vertex 39.500000000000014 -80.5 1.2
vertex 72.96711903959215 -80.5 1.2
vertex 73.50000000000023 -80.5 1.2
endloop
endfacet
facet normal 0 1 0
outer loop
vertex 39.500000000000014 -80.5 1.2
vertex 73.50000000000023 -80.5 1.2
vertex 73.5000000000001 -80.5 0
endloop
endfacet
facet normal 0 1 0
outer loop
vertex 39.500000000000014 -80.5 1.2
vertex 73.5000000000001 -80.5 0
vertex 72.96711903959213 -80.5 0
endloop
endfacet
facet normal 0 1 0
outer loop
vertex 39.500000000000014 -80.5 1.2
vertex 72.96711903959213 -80.5 0
vertex 71.68233589438898 -80.5 0
endloop
endfacet
facet normal 0 1 0
outer loop
vertex 39.500000000000014 -80.5 1.2
vertex 71.68233589438898 -80.5 0
vertex 69.74193107136836 -80.5 0
endloop
endfacet
facet normal 0 1 0
outer loop
vertex 39.500000000000014 -80.5 1.2
vertex 69.74193107136836 -80.5 0
vertex 66.352084294965 -80.5 0
endloop
endfacet
facet normal 0 1 0
outer loop
vertex 39.500000000000014 -80.5 1.2
vertex 66.352084294965 -80.5 0
vertex 58.60584608210138 -80.5 0
endloop
endfacet
facet normal 0 1 0
outer loop
vertex 39.500000000000014 -80.5 1.2
vertex 58.60584608210138 -80.5 0
vertex 39.5 -80.5 0
endloop
endfacet
facet normal -0.08715574274766873 0.9961946980917447 0
outer loop
vertex 39.152703644666104 -80.53038449397559 1.2
vertex 39.500000000000014 -80.5 1.2
vertex 39.5 -80.5 0
endloop
endfacet
facet normal -0.08715574274766873 0.9961946980917447 0
outer loop
vertex 39.152703644666104 -80.53038449397559 1.2
vertex 39.5 -80.5 0
vertex 39.15270364466605 -80.5303844939756 0
endloop
endfacet
facet normal -0.2588190451025271 0.9659258262890666 0
outer loop
vertex 38.81595971334875 -80.62061475842816 1.2
vertex 39.152703644666104 -80.53038449397559 1.2
vertex 39.15270364466605 -80.5303844939756 0
endloop
endfacet
facet normal -0.2588190451025271 0.9659258262890666 0
outer loop
vertex 38.81595971334875 -80.62061475842816 1.2
vertex 39.15270364466605 -80.5303844939756 0
vertex 38.81595971334869 -80.62061475842818 0
endloop
endfacet
facet normal -0.4226182617406803 0.906307787036659 0
outer loop
vertex 38.49999999999997 -80.76794919243113 1.2
vertex 38.81595971334875 -80.62061475842816 1.2
vertex 38.81595971334869 -80.62061475842818 0
endloop
endfacet
facet normal -0.4226182617406803 0.906307787036659 0
outer loop
vertex 38.49999999999997 -80.76794919243113 1.2
vertex 38.81595971334869 -80.62061475842818 0
vertex 38.500000000000085 -80.76794919243108 0
endloop
endfacet
facet normal -0.573576436351047 0.8191520442889912 0
outer loop
vertex 38.214424780626956 -80.96791111376203 1.2
vertex 38.49999999999997 -80.76794919243113 1.2
vertex 38.500000000000085 -80.76794919243108 0
endloop
endfacet
facet normal -0.573576436351047 0.8191520442889912 0
outer loop
vertex 38.214424780626956 -80.96791111376203 1.2
vertex 38.500000000000085 -80.76794919243108 0
vertex 38.21442478062684 -80.96791111376211 0
endloop
endfacet
facet normal -0.7071067811865583 0.707106781186537 0
outer loop
vertex 37.96791111376207 -81.21442478062691 1.2
vertex 38.214424780626956 -80.96791111376203 1.2
vertex 38.21442478062684 -80.96791111376211 0
endloop
endfacet
facet normal -0.7071067811865583 0.707106781186537 0
outer loop
vertex 37.96791111376207 -81.21442478062691 1.2
vertex 38.21442478062684 -80.96791111376211 0
vertex 37.967911113762085 -81.2144247806269 0
endloop
endfacet
facet normal -0.8191520442889912 0.573576436351047 0
outer loop
vertex 37.76794919243103 -81.50000000000016 1.2
vertex 37.96791111376207 -81.21442478062691 1.2
vertex 37.967911113762085 -81.2144247806269 0
endloop
endfacet
facet normal -0.8191520442889912 0.573576436351047 0
outer loop
vertex 37.76794919243103 -81.50000000000016 1.2
vertex 37.967911113762085 -81.2144247806269 0
vertex 37.76794919243106 -81.50000000000011 0
endloop
endfacet
facet normal -0.9063077870366456 0.42261826174070904 0
outer loop
vertex 37.620614758428204 -81.81595971334858 1.2
vertex 37.76794919243103 -81.50000000000016 1.2
vertex 37.76794919243106 -81.50000000000011 0
endloop
endfacet
facet normal -0.9063077870366456 0.42261826174070904 0
outer loop
vertex 37.620614758428204 -81.81595971334858 1.2
vertex 37.76794919243106 -81.50000000000011 0
vertex 37.62061475842819 -81.8159597133486 0
endloop
endfacet
facet normal -0.9659258262890666 0.2588190451025271 0
outer loop
vertex 37.530384493975575 -82.15270364466616 1.2
vertex 37.620614758428204 -81.81595971334858 1.2
vertex 37.62061475842819 -81.8159597133486 0
endloop
endfacet
facet normal -0.9659258262890666 0.2588190451025271 0
outer loop
vertex 37.530384493975575 -82.15270364466616 1.2
vertex 37.62061475842819 -81.8159597133486 0
vertex 37.530384493975575 -82.15270364466616 0
endloop
endfacet
facet normal -0.996194698091746 0.0871557427476546 0
outer loop
vertex 37.5 -82.49999999999994 1.2
vertex 37.530384493975575 -82.15270364466616 1.2
vertex 37.530384493975575 -82.15270364466616 0
endloop
endfacet
facet normal -0.996194698091746 0.0871557427476546 0
outer loop
vertex 37.5 -82.49999999999994 1.2
vertex 37.530384493975575 -82.15270364466616 0
vertex 37.5 -82.49999999999994 0
endloop
endfacet
facet normal -1 0 0
outer loop
vertex 37.5 -160.5000000000001 1.2
vertex 37.5 -158.56588187688251 1.2
vertex 37.5 -143 1.2
endloop
endfacet
facet normal -1 0 0
outer loop
vertex 37.5 -160.5000000000001 1.2
vertex 37.5 -143 1.2
vertex 37.5 -131.1522953612769 1.2
endloop
endfacet
facet normal -1 0 0
outer loop
vertex 37.5 -160.5000000000001 1.2
vertex 37.5 -131.1522953612769 1.2
vertex 37.5 -114.68233589438897 1.2
endloop
endfacet
facet normal -1 0 0
outer loop
vertex 37.5 -160.5000000000001 1.2
vertex 37.5 -114.68233589438897 1.2
vertex 37.5 -103.07604318261086 1.2
endloop
endfacet
facet normal -1 0 0
outer loop
vertex 37.5 -160.5000000000001 1.2
vertex 37.5 -103.07604318261086 1.2
vertex 37.5 -93.95394786047477 1.2
endloop
endfacet
facet normal -1 0 0
outer loop
vertex 37.5 -160.5000000000001 1.2
vertex 37.5 -93.95394786047477 1.2
vertex 37.5 -86.15529441327479 1.2
endloop
endfacet
facet normal -1 0 0
outer loop
vertex 37.5 -160.5000000000001 1.2
vertex 37.5 -86.15529441327479 1.2
vertex 37.5 -82.49999999999994 1.2
endloop
endfacet
facet normal -1 0 0
outer loop
vertex 37.5 -160.5000000000001 1.2
vertex 37.5 -82.49999999999994 1.2
vertex 37.5 -82.49999999999994 0
endloop
endfacet
facet normal -1 0 0
outer loop
vertex 37.5 -160.5000000000001 1.2
vertex 37.5 -82.49999999999994 0
vertex 37.5 -86.15529441327479 0
endloop
endfacet
facet normal -1 0 0
outer loop
vertex 37.5 -160.5000000000001 1.2
vertex 37.5 -86.15529441327479 0
vertex 37.5 -93.95394786047481 0
endloop
endfacet
facet normal -1 0 0
outer loop
vertex 37.5 -160.5000000000001 1.2
vertex 37.5 -93.95394786047481 0
vertex 37.5 -103.07604318261086 0
endloop
endfacet
facet normal -1 0 0
outer loop
vertex 37.5 -160.5000000000001 1.2
vertex 37.5 -103.07604318261086 0
vertex 37.5 -114.68233589438896 0
endloop
endfacet
facet normal -1 0 0
outer loop
vertex 37.5 -160.5000000000001 1.2
vertex 37.5 -114.68233589438896 0
vertex 37.5 -131.15229536127688 0
endloop
endfacet
facet normal -1 0 0
outer loop
vertex 37.5 -160.5000000000001 1.2
vertex 37.5 -131.15229536127688 0
vertex 37.5 -143 0
endloop
endfacet
facet normal -1 0 0
outer loop
vertex 37.5 -160.5000000000001 1.2
vertex 37.5 -143 0
vertex 37.5 -158.56588187688251 0
endloop
endfacet
facet normal -1 0 0
outer loop
vertex 37.5 -160.5000000000001 1.2
vertex 37.5 -158.56588187688251 0
vertex 37.5 -160.5000000000001 0
endloop
endfacet
facet normal 0 0 1
outer loop
vertex 146.13817560000004 -158.86279780000004 1.2
vertex 146.8975680945629 -159.50000376688357 1.2
vertex 146.92836466011028 -159.52584515386962 1.2
endloop
endfacet
facet normal 0 0 1
outer loop
vertex 146.13817560000004 -158.86279780000004 1.2
vertex 146.92836466011028 -159.52584515386962 1.2
vertex 147.00538780123736 -159.590475243666 1.2
endloop
endfacet
facet normal 0 0 1
outer loop
vertex 146.13817560000004 -158.86279780000004 1.2
vertex 147.00538780123736 -159.590475243666 1.2
vertex 147.0417273757082 -159.62096776743022 1.2
endloop
endfacet
facet normal 0 0 1
outer loop
vertex 146.13817560000004 -158.86279780000004 1.2
vertex 147.0417273757082 -159.62096776743022 1.2
vertex 147.89193282743932 -160.334374853751 1.2
endloop
endfacet
facet normal 0 0 1
outer loop
vertex 146.13817560000004 -158.86279780000004 1.2
vertex 147.89193282743932 -160.334374853751 1.2
vertex 150.15509226066425 -162.23339111370206 1.2
endloop
endfacet
facet normal 0 0 1
outer loop
vertex 146.13817560000004 -158.86279780000004 1.2
vertex 150.15509226066425 -162.23339111370206 1.2
vertex 150.47282435634537 -162.5 1.2
endloop
endfacet
facet normal 0 0 1
outer loop
vertex 146.13817560000004 -158.86279780000004 1.2
vertex 150.47282435634537 -162.5 1.2
vertex 156.8627978 -167.8618244 1.2
endloop
endfacet
facet normal 0 0 1
outer loop
vertex 146.13817560000004 -158.86279780000004 1.2
vertex 156.8627978 -167.8618244 1.2
vertex 156.8627978 -167.8618244 0
endloop
endfacet
facet normal 0.6427876125143738 0.7660444407461432 1.4196911182838789e-15
outer loop
vertex 146.13817560000004 -158.86279780000004 1.2
vertex 156.8627978 -167.8618244 0
vertex 150.47282435634537 -162.5 0
endloop
endfacet
facet normal 0.6427876125143738 0.7660444407461432 1.4196911182838789e-15
outer loop
vertex 146.13817560000004 -158.86279780000004 1.2
vertex 150.47282435634537 -162.5 0
vertex 150.15509226066422 -162.23339111370206 0
endloop
endfacet
facet normal 0.6427876125143738 0.7660444407461432 1.4196911182838789e-15
outer loop
vertex 146.13817560000004 -158.86279780000004 1.2
vertex 150.15509226066422 -162.23339111370206 0
vertex 147.89193282743932 -160.33437485375103 0
endloop
endfacet
facet normal 0.6427876125143738 0.7660444407461432 1.4196911182838789e-15
outer loop
vertex 146.13817560000004 -158.86279780000004 1.2
vertex 147.89193282743932 -160.33437485375103 0
vertex 147.04172737570815 -159.6209677674302 0
endloop
endfacet
facet normal 0.6427876125143738 0.7660444407461432 1.4196911182838789e-15
outer loop
vertex 146.13817560000004 -158.86279780000004 1.2
vertex 147.04172737570815 -159.6209677674302 0
vertex 147.0053878012373 -159.590475243666 0
endloop
endfacet
facet normal 0.6427876125143738 0.7660444407461432 1.4196911182838789e-15
outer loop
vertex 146.13817560000004 -158.86279780000004 1.2
vertex 147.0053878012373 -159.590475243666 0
vertex 146.9283646601103 -159.52584515386962 0
endloop
endfacet
facet normal 0.6427876125143738 0.7660444407461432 1.4196911182838789e-15
outer loop
vertex 146.13817560000004 -158.86279780000004 1.2
vertex 146.9283646601103 -159.52584515386962 0
vertex 146.89756809456293 -159.5000037668836 0
endloop
endfacet
facet normal 0.6427876125143738 0.7660444407461432 1.4196911182838789e-15
outer loop
vertex 146.13817560000004 -158.86279780000004 1.2
vertex 146.89756809456293 -159.5000037668836 0
vertex 146.1381756 -158.86279780000004 0
endloop
endfacet
facet normal 0 0 -1
outer loop
vertex 160.69301997073083 -171.07576243488165 1.2
vertex 163.39023033794754 -173.3389906761878 1.2
vertex 171.41764217073083 -180.07478903488163 1.2
endloop
endfacet
facet normal 0 0 -1
outer loop
vertex 160.69301997073083 -171.07576243488165 1.2
vertex 171.41764217073083 -180.07478903488163 1.2
vertex 171.41764217073086 -180.0747890348816 0
endloop
endfacet
facet normal 0.6427876125143742 0.7660444407461428 4.124869743255162e-14
outer loop
vertex 160.69301997073083 -171.07576243488165 1.2
vertex 171.41764217073086 -180.0747890348816 0
vertex 163.3902303379476 -173.3389906761878 0
endloop
endfacet
facet normal 0.6427876125143742 0.7660444407461428 4.124869743255162e-14
outer loop
vertex 160.69301997073083 -171.07576243488165 1.2
vertex 163.3902303379476 -173.3389906761878 0
vertex 160.69301997073083 -171.07576243488165 0
endloop
endfacet
facet normal 0 0 -1
outer loop
vertex 156.8627978 -167.8618244 1.2
vertex 161.3619027102064 -162.5 1.2
vertex 162.23649375456577 -161.45770298864798 1.2
endloop
endfacet
facet normal 0 0 -1
outer loop
vertex 156.8627978 -167.8618244 1.2
vertex 162.23649375456577 -161.45770298864798 1.2
vertex 163.64844718780856 -159.77500242462008 1.2
endloop
endfacet
facet normal 0 0 -1
outer loop
vertex 156.8627978 -167.8618244 1.2
vertex 163.64844718780856 -159.77500242462008 1.2
vertex 163.70581982866938 -159.70662837427017 1.2
endloop
endfacet
facet normal 0 0 -1
outer loop
vertex 156.8627978 -167.8618244 1.2
vertex 163.70581982866938 -159.70662837427017 1.2
vertex 163.829188309301 -159.55960354536677 1.2
endloop
endfacet
facet normal 0 0 -1
outer loop
vertex 156.8627978 -167.8618244 1.2
vertex 163.829188309301 -159.55960354536677 1.2
vertex 163.8791976151722 -159.50000477587844 1.2
endloop
endfacet
facet normal 0 0 -1
outer loop
vertex 156.8627978 -167.8618244 1.2
vertex 163.8791976151722 -159.50000477587844 1.2
vertex 165.8618244 -157.1372022 1.2
endloop
endfacet
facet normal 0 0 -1
outer loop
vertex 156.8627978 -167.8618244 1.2
vertex 165.8618244 -157.1372022 1.2
vertex 165.8618244 -157.1372022 0
endloop
endfacet
facet normal -0.7660444407461433 0.6427876125143736 -3.8394187633952074e-15
outer loop
vertex 156.8627978 -167.8618244 1.2
vertex 165.8618244 -157.1372022 0
vertex 163.8791976151722 -159.50000477587847 0
endloop
endfacet
facet normal -0.7660444407461433 0.6427876125143736 -3.8394187633952074e-15
outer loop
vertex 156.8627978 -167.8618244 1.2
vertex 163.8791976151722 -159.50000477587847 0
vertex 163.829188309301 -159.55960354536677 0
endloop
endfacet
facet normal -0.7660444407461433 0.6427876125143736 -3.8394187633952074e-15
outer loop
vertex 156.8627978 -167.8618244 1.2
vertex 163.829188309301 -159.55960354536677 0
vertex 163.7058198286694 -159.70662837427017 0
endloop
endfacet
facet normal -0.7660444407461433 0.6427876125143736 -3.8394187633952074e-15
outer loop
vertex 156.8627978 -167.8618244 1.2
vertex 163.7058198286694 -159.70662837427017 0
vertex 163.64844718780859 -159.77500242462006 0
endloop
endfacet
facet normal -0.7660444407461433 0.6427876125143736 -3.8394187633952074e-15
outer loop
vertex 156.8627978 -167.8618244 1.2
vertex 163.64844718780859 -159.77500242462006 0
vertex 162.2364937545658 -161.45770298864798 0
endloop
endfacet
facet normal -0.7660444407461433 0.6427876125143736 -3.8394187633952074e-15
outer loop
vertex 156.8627978 -167.8618244 1.2
vertex 162.2364937545658 -161.45770298864798 0
vertex 161.36190271020644 -162.5 0
endloop
endfacet
facet normal -0.7660444407461433 0.6427876125143736 -3.8394187633952074e-15
outer loop
vertex 156.8627978 -167.8618244 1.2
vertex 161.36190271020644 -162.5 0
vertex 156.8627978 -167.8618244 0
endloop
endfacet
facet normal 0 0 1
outer loop
vertex 180.41666877073087 -169.35016683488166 1.2
vertex 172.252957896593 -162.5 1.2
vertex 171.91396281200747 -162.2155493474209 1.2
endloop
endfacet
facet normal 0 0 1
outer loop
vertex 180.41666877073087 -169.35016683488166 1.2
vertex 171.91396281200747 -162.2155493474209 1.2
vertex 169.6920465707308 -160.35114023488165 1.2
endloop
endfacet
facet normal 0 0 1
outer loop
vertex 180.41666877073087 -169.35016683488166 1.2
vertex 169.6920465707308 -160.35114023488165 1.2
vertex 169.6920465707308 -160.35114023488168 0
endloop
endfacet
facet normal -0.6427876125143699 -0.7660444407461465 -2.858006914414453e-14
outer loop
vertex 180.41666877073087 -169.35016683488166 1.2
vertex 169.6920465707308 -160.35114023488168 0
vertex 171.91396281200747 -162.2155493474209 0
endloop
endfacet
facet normal -0.6427876125143699 -0.7660444407461465 -2.858006914414453e-14
outer loop
vertex 180.41666877073087 -169.35016683488166 1.2
vertex 171.91396281200747 -162.2155493474209 0
vertex 172.252957896593 -162.5 0
endloop
endfacet
facet normal -0.6427876125143699 -0.7660444407461465 -2.858006914414453e-14
outer loop
vertex 180.41666877073087 -169.35016683488166 1.2
vertex 172.252957896593 -162.5 0
vertex 180.41666877073087 -169.35016683488166 0
endloop
endfacet
facet normal 0 0 -1
outer loop
vertex 165.8618244 -157.1372022 1.2
vertex 160.63520095016827 -152.75154435806513 1.2
vertex 155.1372022 -148.13817560000007 1.2
endloop
endfacet
facet normal 0 0 -1
outer loop
vertex 165.8618244 -157.1372022 1.2
vertex 155.1372022 -148.13817560000007 1.2
vertex 155.1372022 -148.1381756000001 0
endloop
endfacet
facet normal -0.6427876125143702 -0.7660444407461462 -1.6500164798598078e-15
outer loop
vertex 165.8618244 -157.1372022 1.2
vertex 155.1372022 -148.1381756000001 0
vertex 160.63520095016833 -152.75154435806516 0
endloop
endfacet
facet normal -0.6427876125143702 -0.7660444407461462 -1.6500164798598078e-15
outer loop
vertex 165.8618244 -157.1372022 1.2
vertex 160.63520095016833 -152.75154435806516 0
vertex 165.8618244 -157.1372022 0
endloop
endfacet
facet normal 0 0 1
outer loop
vertex 155.1372022 -148.13817560000007 1.2
vertex 150.52383340787452 -153.63617439075995 1.2
vertex 146.13817560000004 -158.86279780000004 1.2
endloop
endfacet
facet normal 0 0 1
outer loop
vertex 155.1372022 -148.13817560000007 1.2
vertex 146.13817560000004 -158.86279780000004 1.2
vertex 146.1381756 -158.86279780000004 0
endloop
endfacet
facet normal 0.7660444407461426 -0.6427876125143746 -5.2070645809233954e-15
outer loop
vertex 155.1372022 -148.13817560000007 1.2
vertex 146.1381756 -158.86279780000004 0
vertex 150.5238334078745 -153.63617439075998 0
endloop
endfacet
facet normal 0.7660444407461426 -0.6427876125143746 -5.2070645809233954e-15
outer loop
vertex 155.1372022 -148.13817560000007 1.2
vertex 150.5238334078745 -153.63617439075998 0
vertex 155.1372022 -148.1381756000001 0
endloop
endfacet
facet normal 0 0 -1
outer loop
vertex 171.41764217073083 -180.07478903488163 1.2
vertex 176.13409899440487 -174.45393471309134 1.2
vertex 180.41666877073087 -169.35016683488166 1.2
endloop
endfacet
facet normal 0 0 -1
outer loop
vertex 171.41764217073083 -180.07478903488163 1.2
vertex 180.41666877073087 -169.35016683488166 1.2
vertex 180.41666877073087 -169.35016683488166 0
endloop
endfacet
facet normal -0.76604444074614 0.6427876125143777 7.998609933341725e-15
outer loop
vertex 171.41764217073083 -180.07478903488163 1.2
vertex 180.41666877073087 -169.35016683488166 0
vertex 176.13409899440487 -174.45393471309134 0
endloop
endfacet
facet normal -0.76604444074614 0.6427876125143777 7.998609933341725e-15
outer loop
vertex 171.41764217073083 -180.07478903488163 1.2
vertex 176.13409899440487 -174.45393471309134 0
vertex 171.41764217073086 -180.0747890348816 0
endloop
endfacet
facet normal 0 0 1
outer loop
vertex 169.6920465707308 -160.35114023488165 1.2
vertex 168.36108212598072 -161.9373218816364 1.2
vertex 167.88893912085072 -162.5 1.2
endloop
endfacet
facet normal 0 0 1
outer loop
vertex 169.6920465707308 -160.35114023488165 1.2
vertex 167.88893912085072 -162.5 1.2
vertex 160.69301997073083 -171.07576243488165 1.2
endloop
endfacet
facet normal 0 0 1
outer loop
vertex 169.6920465707308 -160.35114023488165 1.2
vertex 160.69301997073083 -171.07576243488165 1.2
vertex 160.69301997073083 -171.07576243488165 0
endloop
endfacet
facet normal 0.766044440746143 -0.6427876125143739 1.5867607013798183e-15
outer loop
vertex 169.6920465707308 -160.35114023488165 1.2
vertex 160.69301997073083 -171.07576243488165 0
vertex 167.8889391208507 -162.5 0
endloop
endfacet
facet normal 0.766044440746143 -0.6427876125143739 1.5867607013798183e-15
outer loop
vertex 169.6920465707308 -160.35114023488165 1.2
vertex 167.8889391208507 -162.5 0
vertex 168.36108212598072 -161.9373218816364 0
endloop
endfacet
facet normal 0.766044440746143 -0.6427876125143739 1.5867607013798183e-15
outer loop
vertex 169.6920465707308 -160.35114023488165 1.2
vertex 168.36108212598072 -161.9373218816364 0
vertex 169.6920465707308 -160.35114023488168 0
endloop
endfacet
facet normal 0 1 0
outer loop
vertex 43 -157 1.2
vertex 54.13536591775478 -157 1.2
vertex 57 -157 1.2
endloop
endfacet
facet normal 0 1 0
outer loop
vertex 43 -157 1.2
vertex 57 -157 1.2
vertex 57 -157 0
endloop
endfacet
facet normal 0 1 0
outer loop
vertex 43 -157 1.2
vertex 57 -157 0
vertex 54.1353659177548 -157 0
endloop
endfacet
facet normal 0 1 0
outer loop
vertex 43 -157 1.2
vertex 54.1353659177548 -157 0
vertex 43 -157 0
endloop
endfacet
facet normal 0 1 0
outer loop
vertex 62 -157 1.2
vertex 68.544651249688 -157 1.2
vertex 68.63213991321392 -157 1.2
endloop
endfacet
facet normal 0 1 0
outer loop
vertex 62 -157 1.2
vertex 68.63213991321392 -157 1.2
vertex 75.5 -157 1.2
endloop
endfacet
facet normal 0 1 0
outer loop
vertex 62 -157 1.2
vertex 75.5 -157 1.2
vertex 76 -157 1.2
endloop
endfacet
facet normal 0 1 0
outer loop
vertex 62 -157 1.2
vertex 76 -157 1.2
vertex 76 -157 0
endloop
endfacet
facet normal 0 1 0
outer loop
vertex 62 -157 1.2
vertex 76 -157 0
vertex 75.5 -157 0
endloop
endfacet
facet normal 0 1 0
outer loop
vertex 62 -157 1.2
vertex 75.5 -157 0
vertex 68.63213991321392 -157 0
endloop
endfacet
facet normal 0 1 0
outer loop
vertex 62 -157 1.2
vertex 68.63213991321392 -157 0
vertex 68.54465124968799 -157 0
endloop
endfacet
facet normal 0 1 0
outer loop
vertex 62 -157 1.2
vertex 68.54465124968799 -157 0
vertex 62 -157 0
endloop
endfacet
facet normal -1 0 0
outer loop
vertex 57 -157 1.2
vertex 57 -146.30904005996769 1.2
vertex 57 -143 1.2
endloop
endfacet
facet normal -1 0 0
outer loop
vertex 57 -157 1.2
vertex 57 -143 1.2
vertex 57 -143 0
endloop
endfacet
facet normal -1 0 0
outer loop
vertex 57 -157 1.2
vertex 57 -143 0
vertex 57 -146.30904005996774 0
endloop
endfacet
facet normal -1 0 0
outer loop
vertex 57 -157 1.2
vertex 57 -146.30904005996774 0
vertex 57 -157 0
endloop
endfacet
facet normal -1 0 0
outer loop
vertex 57 -138 1.2
vertex 57 -124 1.2
vertex 57 -124 0
endloop
endfacet
facet normal -1 0 0
outer loop
vertex 57 -138 1.2
vertex 57 -124 0
vertex 57 -138 0
endloop
endfacet
facet normal -1 0 0
outer loop
vertex 57 -119 1.2
vertex 57 -116.74799692694319 1.2
vertex 57 -105 1.2
endloop
endfacet
facet normal -1 0 0
outer loop
vertex 57 -119 1.2
vertex 57 -105 1.2
vertex 57 -105 0
endloop
endfacet
facet normal -1 0 0
outer loop
vertex 57 -119 1.2
vertex 57 -105 0
vertex 57 -116.74799692694319 0
endloop
endfacet
facet normal -1 0 0
outer loop
vertex 57 -119 1.2
vertex 57 -116.74799692694319 0
vertex 57 -119 0
endloop
endfacet
facet normal -1 0 0
outer loop
vertex 57 -100 1.2
vertex 57 -95.18233589438896 1.2
vertex 57 -89.42199618752099 1.2
endloop
endfacet
facet normal -1 0 0
outer loop
vertex 57 -100 1.2
vertex 57 -89.42199618752099 1.2
vertex 57 -86 1.2
endloop
endfacet
facet normal -1 0 0
outer loop
vertex 57 -100 1.2
vertex 57 -86 1.2
vertex 57 -86 0
endloop
endfacet
facet normal -1 0 0
outer loop
vertex 57 -100 1.2
vertex 57 -86 0
vertex 57 -89.42199618752099 0
endloop
endfacet
facet normal -1 0 0
outer loop
vertex 57 -100 1.2
vertex 57 -89.42199618752099 0
vertex 57 -95.18233589438897 0
endloop
endfacet
facet normal -1 0 0
outer loop
vertex 57 -100 1.2
vertex 57 -95.18233589438897 0
vertex 57 -100 0
endloop
endfacet
facet normal 0 -1 0
outer loop
vertex 57 -143 1.2
vertex 44.75848992512593 -143 1.2
vertex 43 -143 1.2
endloop
endfacet
facet normal 0 -1 0
outer loop
vertex 57 -143 1.2
vertex 43 -143 1.2
vertex 43 -143 0
endloop
endfacet
facet normal 0 -1 0
outer loop
vertex 57 -143 1.2
vertex 43 -143 0
vertex 44.7584899251259 -143 0
endloop
endfacet
facet normal 0 -1 0
outer loop
vertex 57 -143 1.2
vertex 44.7584899251259 -143 0
vertex 57 -143 0
endloop
endfacet
facet normal 0 -1 0
outer loop
vertex 76 -143 1.2
vertex 75.5 -143 1.2
vertex 69.85698120257705 -143 1.2
endloop
endfacet
facet normal 0 -1 0
outer loop
vertex 76 -143 1.2
vertex 69.85698120257705 -143 1.2
vertex 69.76949253905111 -143 1.2
endloop
endfacet
facet normal 0 -1 0
outer loop
vertex 76 -143 1.2
vertex 69.76949253905111 -143 1.2
vertex 62 -143 1.2
endloop
endfacet
facet normal 0 -1 0
outer loop
vertex 76 -143 1.2
vertex 62 -143 1.2
vertex 62 -143 0
endloop
endfacet
facet normal 0 -1 0
outer loop
vertex 76 -143 1.2
vertex 62 -143 0
vertex 69.76949253905111 -143 0
endloop
endfacet
facet normal 0 -1 0
outer loop
vertex 76 -143 1.2
vertex 69.76949253905111 -143 0
vertex 69.85698120257705 -143 0
endloop
endfacet
facet normal 0 -1 0
outer loop
vertex 76 -143 1.2
vertex 69.85698120257705 -143 0
vertex 75.5 -143 0
endloop
endfacet
facet normal 0 -1 0
outer loop
vertex 76 -143 1.2
vertex 75.5 -143 0
vertex 76 -143 0
endloop
endfacet
facet normal 1 0 0
outer loop
vertex 43 -143 1.2
vertex 43 -146.77109381407914 1.2
vertex 43 -157 1.2
endloop
endfacet
facet normal 1 0 0
outer loop
vertex 43 -143 1.2
vertex 43 -157 1.2
vertex 43 -157 0
endloop
endfacet
facet normal 1 0 0
outer loop
vertex 43 -143 1.2
vertex 43 -157 0
vertex 43 -146.7710938140791 0
endloop
endfacet
facet normal 1 0 0
outer loop
vertex 43 -143 1.2
vertex 43 -146.7710938140791 0
vertex 43 -143 0
endloop
endfacet
facet normal 1 0 0
outer loop
vertex 43 -124 1.2
vertex 43 -138 1.2
vertex 43 -138 0
endloop
endfacet
facet normal 1 0 0
outer loop
vertex 43 -124 1.2
vertex 43 -138 0
vertex 43 -124 0
endloop
endfacet
facet normal 1 0 0
outer loop
vertex 43 -105 1.2
vertex 43 -109.18233589438897 1.2
vertex 43 -119 1.2
endloop
endfacet
facet normal 1 0 0
outer loop
vertex 43 -105 1.2
vertex 43 -119 1.2
vertex 43 -119 0
endloop
endfacet
facet normal 1 0 0
outer loop
vertex 43 -105 1.2
vertex 43 -119 0
vertex 43 -109.18233589438896 0
endloop
endfacet
facet normal 1 0 0
outer loop
vertex 43 -105 1.2
vertex 43 -109.18233589438896 0
vertex 43 -105 0
endloop
endfacet
facet normal 1 0 0
outer loop
vertex 43 -86 1.2
vertex 43 -91.38925574062246 1.2
vertex 43 -99.2249017224573 1.2
endloop
endfacet
facet normal 1 0 0
outer loop
vertex 43 -86 1.2
vertex 43 -99.2249017224573 1.2
vertex 43 -100 1.2
endloop
endfacet
facet normal 1 0 0
outer loop
vertex 43 -86 1.2
vertex 43 -100 1.2
vertex 43 -100 0
endloop
endfacet
facet normal 1 0 0
outer loop
vertex 43 -86 1.2
vertex 43 -100 0
vertex 43 -99.2249017224573 0
endloop
endfacet
facet normal 1 0 0
outer loop
vertex 43 -86 1.2
vertex 43 -99.2249017224573 0
vertex 43 -91.3892557406225 0
endloop
endfacet
facet normal 1 0 0
outer loop
vertex 43 -86 1.2
vertex 43 -91.3892557406225 0
vertex 43 -86 0
endloop
endfacet
facet normal 0 1 0
outer loop
vertex 43 -138 1.2
vertex 47.09002821590076 -138 1.2
vertex 57 -138 1.2
endloop
endfacet
facet normal 0 1 0
outer loop
vertex 43 -138 1.2
vertex 57 -138 1.2
vertex 57 -138 0
endloop
endfacet
facet normal 0 1 0
outer loop
vertex 43 -138 1.2
vertex 57 -138 0
vertex 47.09002821590073 -138 0
endloop
endfacet
facet normal 0 1 0
outer loop
vertex 43 -138 1.2
vertex 47.09002821590073 -138 0
vertex 43 -138 0
endloop
endfacet
facet normal 0 1 0
outer loop
vertex 62 -138 1.2
vertex 70.2069358566808 -138 1.2
vertex 70.29442452020673 -138 1.2
endloop
endfacet
facet normal 0 1 0
outer loop
vertex 62 -138 1.2
vertex 70.29442452020673 -138 1.2
vertex 75.5 -138 1.2
endloop
endfacet
facet normal 0 1 0
outer loop
vertex 62 -138 1.2
vertex 75.5 -138 1.2
vertex 76 -138 1.2
endloop
endfacet
facet normal 0 1 0
outer loop
vertex 62 -138 1.2
vertex 76 -138 1.2
vertex 76 -138 0
endloop
endfacet
facet normal 0 1 0
outer loop
vertex 62 -138 1.2
vertex 76 -138 0
vertex 75.5 -138 0
endloop
endfacet
facet normal 0 1 0
outer loop
vertex 62 -138 1.2
vertex 75.5 -138 0
vertex 70.29442452020673 -138 0
endloop
endfacet
facet normal 0 1 0
outer loop
vertex 62 -138 1.2
vertex 70.29442452020673 -138 0
vertex 70.2069358566808 -138 0
endloop
endfacet
facet normal 0 1 0
outer loop
vertex 62 -138 1.2
vertex 70.2069358566808 -138 0
vertex 62 -138 0
endloop
endfacet
facet normal 0 -1 0
outer loop
vertex 57 -124 1.2
vertex 53.61833543007027 -124 1.2
vertex 43 -124 1.2
endloop
endfacet
facet normal 0 -1 0
outer loop
vertex 57 -124 1.2
vertex 43 -124 1.2
vertex 43 -124 0
endloop
endfacet
facet normal 0 -1 0
outer loop
vertex 57 -124 1.2
vertex 43 -124 0
vertex 53.61833543007026 -124 0
endloop
endfacet
facet normal 0 -1 0
outer loop
vertex 57 -124 1.2
vertex 53.61833543007026 -124 0
vertex 57 -124 0
endloop
endfacet
facet normal 0 -1 0
outer loop
vertex 76 -124 1.2
vertex 75.5 -124 1.2
vertex 71.51926580956986 -124 1.2
endloop
endfacet
facet normal 0 -1 0
outer loop
vertex 76 -124 1.2
vertex 71.51926580956986 -124 1.2
vertex 71.43177714604391 -124 1.2
endloop
endfacet
facet normal 0 -1 0
outer loop
vertex 76 -124 1.2
vertex 71.43177714604391 -124 1.2
vertex 62.97768926798207 -124 1.2
endloop
endfacet
facet normal 0 -1 0
outer loop
vertex 76 -124 1.2
vertex 62.97768926798207 -124 1.2
vertex 62 -124 1.2
endloop
endfacet
facet normal 0 -1 0
outer loop
vertex 76 -124 1.2
vertex 62 -124 1.2
vertex 62 -124 0
endloop
endfacet
facet normal 0 -1 0
outer loop
vertex 76 -124 1.2
vertex 62 -124 0
vertex 62.97768926798208 -124 0
endloop
endfacet
facet normal 0 -1 0
outer loop
vertex 76 -124 1.2
vertex 62.97768926798208 -124 0
vertex 71.43177714604393 -124 0
endloop
endfacet
facet normal 0 -1 0
outer loop
vertex 76 -124 1.2
vertex 71.43177714604393 -124 0
vertex 71.51926580956986 -124 0
endloop
endfacet
facet normal 0 -1 0
outer loop
vertex 76 -124 1.2
vertex 71.51926580956986 -124 0
vertex 75.5 -124 0
endloop
endfacet
facet normal 0 -1 0
outer loop
vertex 76 -124 1.2
vertex 75.5 -124 0
vertex 76 -124 0
endloop
endfacet
facet normal 0 1 0
outer loop
vertex 43 -119 1.2
vertex 46.00912881851731 -119 1.2
vertex 55.94987372084509 -119 1.2
endloop
endfacet
facet normal 0 1 0
outer loop
vertex 43 -119 1.2
vertex 55.94987372084509 -119 1.2
vertex 57 -119 1.2
endloop
endfacet
facet normal 0 1 0
outer loop
vertex 43 -119 1.2
vertex 57 -119 1.2
vertex 57 -119 0
endloop
endfacet
facet normal 0 1 0
outer loop
vertex 43 -119 1.2
vertex 57 -119 0
vertex 55.94987372084509 -119 0
endloop
endfacet
facet normal 0 1 0
outer loop
vertex 43 -119 1.2
vertex 55.94987372084509 -119 0
vertex 46.0091288185173 -119 0
endloop
endfacet
facet normal 0 1 0
outer loop
vertex 43 -119 1.2
vertex 46.0091288185173 -119 0
vertex 43 -119 0
endloop
endfacet
facet normal 0 1 0
outer loop
vertex 62 -119 1.2
vertex 64.31743523013772 -119 1.2
vertex 71.8692204636736 -119 1.2
endloop
endfacet
facet normal 0 1 0
outer loop
vertex 62 -119 1.2
vertex 71.8692204636736 -119 1.2
vertex 71.95670912719955 -119 1.2
endloop
endfacet
facet normal 0 1 0
outer loop
vertex 62 -119 1.2
vertex 71.95670912719955 -119 1.2
vertex 75.5 -119 1.2
endloop
endfacet
facet normal 0 1 0
outer loop
vertex 62 -119 1.2
vertex 75.5 -119 1.2
vertex 76 -119 1.2
endloop
endfacet
facet normal 0 1 0
outer loop
vertex 62 -119 1.2
vertex 76 -119 1.2
vertex 76 -119 0
endloop
endfacet
facet normal 0 1 0
outer loop
vertex 62 -119 1.2
vertex 76 -119 0
vertex 75.5 -119 0
endloop
endfacet
facet normal 0 1 0
outer loop
vertex 62 -119 1.2
vertex 75.5 -119 0
vertex 71.95670912719955 -119 0
endloop
endfacet
facet normal 0 1 0
outer loop
vertex 62 -119 1.2
vertex 71.95670912719955 -119 0
vertex 71.86922046367361 -119 0
endloop
endfacet
facet normal 0 1 0
outer loop
vertex 62 -119 1.2
vertex 71.86922046367361 -119 0
vertex 64.31743523013773 -119 0
endloop
endfacet
facet normal 0 1 0
outer loop
vertex 62 -119 1.2
vertex 64.31743523013773 -119 0
vertex 62 -119 0
endloop
endfacet
facet normal 0 -1 0
outer loop
vertex 57 -105 1.2
vertex 55.81203435345362 -105 1.2
vertex 47.18233589438897 -105 1.2
endloop
endfacet
facet normal 0 -1 0
outer loop
vertex 57 -105 1.2
vertex 47.18233589438897 -105 1.2
vertex 43 -105 1.2
endloop
endfacet
facet normal 0 -1 0
outer loop
vertex 57 -105 1.2
vertex 43 -105 1.2
vertex 43 -105 0
endloop
endfacet
facet normal 0 -1 0
outer loop
vertex 57 -105 1.2
vertex 43 -105 0
vertex 47.182335894388956 -105 0
endloop
endfacet
facet normal 0 -1 0
outer loop
vertex 57 -105 1.2
vertex 47.182335894388956 -105 0
vertex 55.8120343534536 -105 0
endloop
endfacet
facet normal 0 -1 0
outer loop
vertex 57 -105 1.2
vertex 55.8120343534536 -105 0
vertex 57 -105 0
endloop
endfacet
facet normal 0 -1 0
outer loop
vertex 76 -105 1.2
vertex 75.5 -105 1.2
vertex 73.18155041656266 -105 1.2
endloop
endfacet
facet normal 0 -1 0
outer loop
vertex 76 -105 1.2
vertex 73.18155041656266 -105 1.2
vertex 73.09406175303673 -105 1.2
endloop
endfacet
facet normal 0 -1 0
outer loop
vertex 76 -105 1.2
vertex 73.09406175303673 -105 1.2
vertex 68.06872392417354 -105 1.2
endloop
endfacet
facet normal 0 -1 0
outer loop
vertex 76 -105 1.2
vertex 68.06872392417354 -105 1.2
vertex 62.47818093501461 -105 1.2
endloop
endfacet
facet normal 0 -1 0
outer loop
vertex 76 -105 1.2
vertex 62.47818093501461 -105 1.2
vertex 62 -105 1.2
endloop
endfacet
facet normal 0 -1 0
outer loop
vertex 76 -105 1.2
vertex 62 -105 1.2
vertex 62 -105 0
endloop
endfacet
facet normal 0 -1 0
outer loop
vertex 76 -105 1.2
vertex 62 -105 0
vertex 62.47818093501461 -105 0
endloop
endfacet
facet normal 0 -1 0
outer loop
vertex 76 -105 1.2
vertex 62.47818093501461 -105 0
vertex 68.06872392417355 -105 0
endloop
endfacet
facet normal 0 -1 0
outer loop
vertex 76 -105 1.2
vertex 68.06872392417355 -105 0
vertex 73.09406175303674 -105 0
endloop
endfacet
facet normal 0 -1 0
outer loop
vertex 76 -105 1.2
vertex 73.09406175303674 -105 0
vertex 73.18155041656266 -105 0
endloop
endfacet
facet normal 0 -1 0
outer loop
vertex 76 -105 1.2
vertex 73.18155041656266 -105 0
vertex 75.5 -105 0
endloop
endfacet
facet normal 0 -1 0
outer loop
vertex 76 -105 1.2
vertex 75.5 -105 0
vertex 76 -105 0
endloop
endfacet
facet normal 0 1 0
outer loop
vertex 43 -100 1.2
vertex 52.18233589438896 -100 1.2
vertex 57 -100 1.2
endloop
endfacet
facet normal 0 1 0
outer loop
vertex 43 -100 1.2
vertex 57 -100 1.2
vertex 57 -100 0
endloop
endfacet
facet normal 0 1 0
outer loop
vertex 43 -100 1.2
vertex 57 -100 0
vertex 52.18233589438897 -100 0
endloop
endfacet
facet normal 0 1 0
outer loop
vertex 43 -100 1.2
vertex 52.18233589438897 -100 0
vertex 43 -100 0
endloop
endfacet
facet normal 0 1 0
outer loop
vertex 62 -100 1.2
vertex 64.80971922578944 -100 1.2
vertex 69.40846988632919 -100 1.2
endloop
endfacet
facet normal 0 1 0
outer loop
vertex 62 -100 1.2
vertex 69.40846988632919 -100 1.2
vertex 73.53150507066641 -100 1.2
endloop
endfacet
facet normal 0 1 0
outer loop
vertex 62 -100 1.2
vertex 73.53150507066641 -100 1.2
vertex 73.61899373419234 -100 1.2
endloop
endfacet
facet normal 0 1 0
outer loop
vertex 62 -100 1.2
vertex 73.61899373419234 -100 1.2
vertex 75.5 -100 1.2
endloop
endfacet
facet normal 0 1 0
outer loop
vertex 62 -100 1.2
vertex 75.5 -100 1.2
vertex 76 -100 1.2
endloop
endfacet
facet normal 0 1 0
outer loop
vertex 62 -100 1.2
vertex 76 -100 1.2
vertex 76 -100 0
endloop
endfacet
facet normal 0 1 0
outer loop
vertex 62 -100 1.2
vertex 76 -100 0
vertex 75.5 -100 0
endloop
endfacet
facet normal 0 1 0
outer loop
vertex 62 -100 1.2
vertex 75.5 -100 0
vertex 73.61899373419234 -100 0
endloop
endfacet
facet normal 0 1 0
outer loop
vertex 62 -100 1.2
vertex 73.61899373419234 -100 0
vertex 73.53150507066643 -100 0
endloop
endfacet
facet normal 0 1 0
outer loop
vertex 62 -100 1.2
vertex 73.53150507066643 -100 0
vertex 69.4084698863292 -100 0
endloop
endfacet
facet normal 0 1 0
outer loop
vertex 62 -100 1.2
vertex 69.4084698863292 -100 0
vertex 64.80971922578944 -100 0
endloop
endfacet
facet normal 0 1 0
outer loop
vertex 62 -100 1.2
vertex 64.80971922578944 -100 0
vertex 62 -100 0
endloop
endfacet
facet normal 0 -1 0
outer loop
vertex 57 -86 1.2
vertex 54.55729623216156 -86 1.2
vertex 43 -86 1.2
endloop
endfacet
facet normal 0 -1 0
outer loop
vertex 57 -86 1.2
vertex 43 -86 1.2
vertex 43 -86 0
endloop
endfacet
facet normal 0 -1 0
outer loop
vertex 57 -86 1.2
vertex 43 -86 0
vertex 54.55729623216162 -86 0
endloop
endfacet
facet normal 0 -1 0
outer loop
vertex 57 -86 1.2
vertex 54.55729623216162 -86 0
vertex 57 -86 0
endloop
endfacet
facet normal 0 -1 0
outer loop
vertex 76 -86 1.2
vertex 75.5 -86 1.2
vertex 74.84383502355547 -86 1.2
endloop
endfacet
facet normal 0 -1 0
outer loop
vertex 76 -86 1.2
vertex 74.84383502355547 -86 1.2
vertex 74.75634636002953 -86 1.2
endloop
endfacet
facet normal 0 -1 0
outer loop
vertex 76 -86 1.2
vertex 74.75634636002953 -86 1.2
vertex 73.15975858036501 -86 1.2
endloop
endfacet
facet normal 0 -1 0
outer loop
vertex 76 -86 1.2
vertex 73.15975858036501 -86 1.2
vertex 71.33802643995895 -86 1.2
endloop
endfacet
facet normal 0 -1 0
outer loop
vertex 76 -86 1.2
vertex 71.33802643995895 -86 1.2
vertex 69.1159775794386 -86 1.2
endloop
endfacet
facet normal 0 -1 0
outer loop
vertex 76 -86 1.2
vertex 69.1159775794386 -86 1.2
vertex 66.18233589438894 -86 1.2
endloop
endfacet
facet normal 0 -1 0
outer loop
vertex 76 -86 1.2
vertex 66.18233589438894 -86 1.2
vertex 62 -86 1.2
endloop
endfacet
facet normal 0 -1 0
outer loop
vertex 76 -86 1.2
vertex 62 -86 1.2
vertex 62 -86 0
endloop
endfacet
facet normal 0 -1 0
outer loop
vertex 76 -86 1.2
vertex 62 -86 0
vertex 66.18233589438898 -86 0
endloop
endfacet
facet normal 0 -1 0
outer loop
vertex 76 -86 1.2
vertex 66.18233589438898 -86 0
vertex 69.11597757943859 -86 0
endloop
endfacet
facet normal 0 -1 0
outer loop
vertex 76 -86 1.2
vertex 69.11597757943859 -86 0
vertex 71.33802643995895 -86 0
endloop
endfacet
facet normal 0 -1 0
outer loop
vertex 76 -86 1.2
vertex 71.33802643995895 -86 0
vertex 73.15975858036501 -86 0
endloop
endfacet
facet normal 0 -1 0
outer loop
vertex 76 -86 1.2
vertex 73.15975858036501 -86 0
vertex 74.75634636002955 -86 0
endloop
endfacet
facet normal 0 -1 0
outer loop
vertex 76 -86 1.2
vertex 74.75634636002955 -86 0
vertex 74.84383502355547 -86 0
endloop
endfacet
facet normal 0 -1 0
outer loop
vertex 76 -86 1.2
vertex 74.84383502355547 -86 0
vertex 75.5 -86 0
endloop
endfacet
facet normal 0 -1 0
outer loop
vertex 76 -86 1.2
vertex 75.5 -86 0
vertex 76 -86 0
endloop
endfacet
facet normal -1 0 0
outer loop
vertex 76 -157 1.2
vertex 76 -152 1.2
vertex 76 -143 1.2
endloop
endfacet
facet normal -1 0 0
outer loop
vertex 76 -157 1.2
vertex 76 -143 1.2
vertex 76 -143 0
endloop
endfacet
facet normal -1 0 0
outer loop
vertex 76 -157 1.2
vertex 76 -143 0
vertex 76 -152 0
endloop
endfacet
facet normal -1 0 0
outer loop
vertex 76 -157 1.2
vertex 76 -152 0
vertex 76 -157 0
endloop
endfacet
facet normal -1 0 0
outer loop
vertex 76 -138 1.2
vertex 76 -124 1.2
vertex 76 -124 0
endloop
endfacet
facet normal -1 0 0
outer loop
vertex 76 -138 1.2
vertex 76 -124 0
vertex 76 -138 0
endloop
endfacet
facet normal -1 0 0
outer loop
vertex 76 -119 1.2
vertex 76 -105 1.2
vertex 76 -105 0
endloop
endfacet
facet normal -1 0 0
outer loop
vertex 76 -119 1.2
vertex 76 -105 0
vertex 76 -119 0
endloop
endfacet
facet normal -1 0 0
outer loop
vertex 76 -100 1.2
vertex 76 -86 1.2
vertex 76 -86 0
endloop
endfacet
facet normal -1 0 0
outer loop
vertex 76 -100 1.2
vertex 76 -86 0
vertex 76 -100 0
endloop
endfacet
facet normal 1 0 0
outer loop
vertex 62 -143 1.2
vertex 62 -157 1.2
vertex 62 -157 0
endloop
endfacet
facet normal 1 0 0
outer loop
vertex 62 -143 1.2
vertex 62 -157 0
vertex 62 -143 0
endloop
endfacet
facet normal 1 0 0
outer loop
vertex 62 -124 1.2
vertex 62 -127.64878602212382 1.2
vertex 62 -138 1.2
endloop
endfacet
facet normal 1 0 0
outer loop
vertex 62 -124 1.2
vertex 62 -138 1.2
vertex 62 -138 0
endloop
endfacet
facet normal 1 0 0
outer loop
vertex 62 -124 1.2
vertex 62 -138 0
vertex 62 -127.64878602212384 0
endloop
endfacet
facet normal 1 0 0
outer loop
vertex 62 -124 1.2
vertex 62 -127.64878602212384 0
vertex 62 -124 0
endloop
endfacet
facet normal 1 0 0
outer loop
vertex 62 -105 1.2
vertex 62 -106.02546232439464 1.2
vertex 62 -119 1.2
endloop
endfacet
facet normal 1 0 0
outer loop
vertex 62 -105 1.2
vertex 62 -119 1.2
vertex 62 -119 0
endloop
endfacet
facet normal 1 0 0
outer loop
vertex 62 -105 1.2
vertex 62 -119 0
vertex 62 -106.02546232439464 0
endloop
endfacet
facet normal 1 0 0
outer loop
vertex 62 -105 1.2
vertex 62 -106.02546232439464 0
vertex 62 -105 0
endloop
endfacet
facet normal 1 0 0
outer loop
vertex 62 -86 1.2
vertex 62 -90.18233589438894 1.2
vertex 62 -96.16266919609645 1.2
endloop
endfacet
facet normal 1 0 0
outer loop
vertex 62 -86 1.2
vertex 62 -96.16266919609645 1.2
vertex 62 -100 1.2
endloop
endfacet
facet normal 1 0 0
outer loop
vertex 62 -86 1.2
vertex 62 -100 1.2
vertex 62 -100 0
endloop
endfacet
facet normal 1 0 0
outer loop
vertex 62 -86 1.2
vertex 62 -100 0
vertex 62 -96.16266919609642 0
endloop
endfacet
facet normal 1 0 0
outer loop
vertex 62 -86 1.2
vertex 62 -96.16266919609642 0
vertex 62 -90.18233589438898 0
endloop
endfacet
facet normal 1 0 0
outer loop
vertex 62 -86 1.2
vertex 62 -90.18233589438898 0
vertex 62 -86 0
endloop
endfacet
facet normal 0 1 0
outer loop
vertex 81 -152 1.2
vertex 81.5 -152 1.2
vertex 82.3311423034964 -152 1.2
endloop
endfacet
facet normal 0 1 0
outer loop
vertex 81 -152 1.2
vertex 82.3311423034964 -152 1.2
vertex 83.98284404412534 -152 1.2
endloop
endfacet
facet normal 0 1 0
outer loop
vertex 81 -152 1.2
vertex 83.98284404412534 -152 1.2
vertex 85.73156428674835 -152 1.2
endloop
endfacet
facet normal 0 1 0
outer loop
vertex 81 -152 1.2
vertex 85.73156428674835 -152 1.2
vertex 87.7197132672139 -152 1.2
endloop
endfacet
facet normal 0 1 0
outer loop
vertex 81 -152 1.2
vertex 87.7197132672139 -152 1.2
vertex 90.18233589438942 -152 1.2
endloop
endfacet
facet normal 0 1 0
outer loop
vertex 81 -152 1.2
vertex 90.18233589438942 -152 1.2
vertex 93.59378115564404 -152 1.2
endloop
endfacet
facet normal 0 1 0
outer loop
vertex 81 -152 1.2
vertex 93.59378115564404 -152 1.2
vertex 95 -152 1.2
endloop
endfacet
facet normal 0 1 0
outer loop
vertex 81 -152 1.2
vertex 95 -152 1.2
vertex 95 -152 0
endloop
endfacet
facet normal 0 1 0
outer loop
vertex 81 -152 1.2
vertex 95 -152 0
vertex 93.59378115564408 -152 0
endloop
endfacet
facet normal 0 1 0
outer loop
vertex 81 -152 1.2
vertex 93.59378115564408 -152 0
vertex 90.18233589438947 -152 0
endloop
endfacet
facet normal 0 1 0
outer loop
vertex 81 -152 1.2
vertex 90.18233589438947 -152 0
vertex 87.71971326721385 -152 0
endloop
endfacet
facet normal 0 1 0
outer loop
vertex 81 -152 1.2
vertex 87.71971326721385 -152 0
vertex 85.73156428674834 -152 0
endloop
endfacet
facet normal 0 1 0
outer loop
vertex 81 -152 1.2
vertex 85.73156428674834 -152 0
vertex 83.98284404412536 -152 0
endloop
endfacet
facet normal 0 1 0
outer loop
vertex 81 -152 1.2
vertex 83.98284404412536 -152 0
vertex 82.3311423034964 -152 0
endloop
endfacet
facet normal 0 1 0
outer loop
vertex 81 -152 1.2
vertex 82.3311423034964 -152 0
vertex 81.5 -152 0
endloop
endfacet
facet normal 0 1 0
outer loop
vertex 81 -152 1.2
vertex 81.5 -152 0
vertex 81 -152 0
endloop
endfacet
facet normal -1 0 0
outer loop
vertex 95 -152 1.2
vertex 95 -151.01535496480938 1.2
vertex 95 -147.1823358943897 1.2
endloop
endfacet
facet normal -1 0 0
outer loop
vertex 95 -152 1.2
vertex 95 -147.1823358943897 1.2
vertex 95 -141.60267301406088 1.2
endloop
endfacet
facet normal -1 0 0
outer loop
vertex 95 -152 1.2
vertex 95 -141.60267301406088 1.2
vertex 95 -138 1.2
endloop
endfacet
facet normal -1 0 0
outer loop
vertex 95 -152 1.2
vertex 95 -138 1.2
vertex 95 -138 0
endloop
endfacet
facet normal -1 0 0
outer loop
vertex 95 -152 1.2
vertex 95 -138 0
vertex 95 -141.6026730140608 0
endloop
endfacet
facet normal -1 0 0
outer loop
vertex 95 -152 1.2
vertex 95 -141.6026730140608 0
vertex 95 -147.18233589438975 0
endloop
endfacet
facet normal -1 0 0
outer loop
vertex 95 -152 1.2
vertex 95 -147.18233589438975 0
vertex 95 -151.0153549648094 0
endloop
endfacet
facet normal -1 0 0
outer loop
vertex 95 -152 1.2
vertex 95 -151.0153549648094 0
vertex 95 -152 0
endloop
endfacet
facet normal -1 0 0
outer loop
vertex 95 -133 1.2
vertex 95 -132.1237754706325 1.2
vertex 95 -119 1.2
endloop
endfacet
facet normal -1 0 0
outer loop
vertex 95 -133 1.2
vertex 95 -119 1.2
vertex 95 -119 0
endloop
endfacet
facet normal -1 0 0
outer loop
vertex 95 -133 1.2
vertex 95 -119 0
vertex 95 -132.12377547063247 0
endloop
endfacet
facet normal -1 0 0
outer loop
vertex 95 -133 1.2
vertex 95 -132.12377547063247 0
vertex 95 -133 0
endloop
endfacet
facet normal -1 0 0
outer loop
vertex 95 -114 1.2
vertex 95 -110.88341421776678 1.2
vertex 95 -100 1.2
endloop
endfacet
facet normal -1 0 0
outer loop
vertex 95 -114 1.2
vertex 95 -100 1.2
vertex 95 -100 0
endloop
endfacet
facet normal -1 0 0
outer loop
vertex 95 -114 1.2
vertex 95 -100 0
vertex 95 -110.88341421776676 0
endloop
endfacet
facet normal -1 0 0
outer loop
vertex 95 -114 1.2
vertex 95 -110.88341421776676 0
vertex 95 -114 0
endloop
endfacet
facet normal -1 0 0
outer loop
vertex 95 -95 1.2
vertex 95 -81 1.2
vertex 95 -81 0
endloop
endfacet
facet normal -1 0 0
outer loop
vertex 95 -95 1.2
vertex 95 -81 0
vertex 95 -95 0
endloop
endfacet
facet normal 0 -1 0
outer loop
vertex 95 -138 1.2
vertex 92.25987150091787 -138 1.2
vertex 87.73413273816116 -138 1.2
endloop
endfacet
facet normal 0 -1 0
outer loop
vertex 95 -138 1.2
vertex 87.73413273816116 -138 1.2
vertex 83.55598359285952 -138 1.2
endloop
endfacet
facet normal 0 -1 0
outer loop
vertex 95 -138 1.2
vertex 83.55598359285952 -138 1.2
vertex 81.5 -138 1.2
endloop
endfacet
facet normal 0 -1 0
outer loop
vertex 95 -138 1.2
vertex 81.5 -138 1.2
vertex 81 -138 1.2
endloop
endfacet
facet normal 0 -1 0
outer loop
vertex 95 -138 1.2
vertex 81 -138 1.2
vertex 81 -138 0
endloop
endfacet
facet normal 0 -1 0
outer loop
vertex 95 -138 1.2
vertex 81 -138 0
vertex 81.5 -138 0
endloop
endfacet
facet normal 0 -1 0
outer loop
vertex 95 -138 1.2
vertex 81.5 -138 0
vertex 83.55598359285953 -138 0
endloop
endfacet
facet normal 0 -1 0
outer loop
vertex 95 -138 1.2
vertex 83.55598359285953 -138 0
vertex 87.73413273816116 -138 0
endloop
endfacet
facet normal 0 -1 0
outer loop
vertex 95 -138 1.2
vertex 87.73413273816116 -138 0
vertex 92.25987150091785 -138 0
endloop
endfacet
facet normal 0 -1 0
outer loop
vertex 95 -138 1.2
vertex 92.25987150091785 -138 0
vertex 95 -138 0
endloop
endfacet
facet normal 1 0 0
outer loop
vertex 81 -138 1.2
vertex 81 -143 1.2
vertex 81 -152 1.2
endloop
endfacet
facet normal 1 0 0
outer loop
vertex 81 -138 1.2
vertex 81 -152 1.2
vertex 81 -152 0
endloop
endfacet
facet normal 1 0 0
outer loop
vertex 81 -138 1.2
vertex 81 -152 0
vertex 81 -143 0
endloop
endfacet
facet normal 1 0 0
outer loop
vertex 81 -138 1.2
vertex 81 -143 0
vertex 81 -138 0
endloop
endfacet
facet normal 1 0 0
outer loop
vertex 81 -119 1.2
vertex 81 -124 1.2
vertex 81 -133 1.2
endloop
endfacet
facet normal 1 0 0
outer loop
vertex 81 -119 1.2
vertex 81 -133 1.2
vertex 81 -133 0
endloop
endfacet
facet normal 1 0 0
outer loop
vertex 81 -119 1.2
vertex 81 -133 0
vertex 81 -124 0
endloop
endfacet
facet normal 1 0 0
outer loop
vertex 81 -119 1.2
vertex 81 -124 0
vertex 81 -119 0
endloop
endfacet
facet normal 1 0 0
outer loop
vertex 81 -100 1.2
vertex 81 -105 1.2
vertex 81 -114 1.2
endloop
endfacet
facet normal 1 0 0
outer loop
vertex 81 -100 1.2
vertex 81 -114 1.2
vertex 81 -114 0
endloop
endfacet
facet normal 1 0 0
outer loop
vertex 81 -100 1.2
vertex 81 -114 0
vertex 81 -105 0
endloop
endfacet
facet normal 1 0 0
outer loop
vertex 81 -100 1.2
vertex 81 -105 0
vertex 81 -100 0
endloop
endfacet
facet normal 1 0 0
outer loop
vertex 81 -81 1.2
vertex 81 -86 1.2
vertex 81 -95 1.2
endloop
endfacet
facet normal 1 0 0
outer loop
vertex 81 -81 1.2
vertex 81 -95 1.2
vertex 81 -95 0
endloop
endfacet
facet normal 1 0 0
outer loop
vertex 81 -81 1.2
vertex 81 -95 0
vertex 81 -86 0
endloop
endfacet
facet normal 1 0 0
outer loop
vertex 81 -81 1.2
vertex 81 -86 0
vertex 81 -81 0
endloop
endfacet
facet normal 0 1 0
outer loop
vertex 81 -133 1.2
vertex 81.5 -133 1.2
vertex 83.9934269104892 -133 1.2
endloop
endfacet
facet normal 0 1 0
outer loop
vertex 81 -133 1.2
vertex 83.9934269104892 -133 1.2
vertex 89.07387870031681 -133 1.2
endloop
endfacet
facet normal 0 1 0
outer loop
vertex 81 -133 1.2
vertex 89.07387870031681 -133 1.2
vertex 94.5914097916927 -133 1.2
endloop
endfacet
facet normal 0 1 0
outer loop
vertex 81 -133 1.2
vertex 94.5914097916927 -133 1.2
vertex 95 -133 1.2
endloop
endfacet
facet normal 0 1 0
outer loop
vertex 81 -133 1.2
vertex 95 -133 1.2
vertex 95 -133 0
endloop
endfacet
facet normal 0 1 0
outer loop
vertex 81 -133 1.2
vertex 95 -133 0
vertex 94.59140979169268 -133 0
endloop
endfacet
facet normal 0 1 0
outer loop
vertex 81 -133 1.2
vertex 94.59140979169268 -133 0
vertex 89.07387870031681 -133 0
endloop
endfacet
facet normal 0 1 0
outer loop
vertex 81 -133 1.2
vertex 89.07387870031681 -133 0
vertex 83.99342691048922 -133 0
endloop
endfacet
facet normal 0 1 0
outer loop
vertex 81 -133 1.2
vertex 83.99342691048922 -133 0
vertex 81.5 -133 0
endloop
endfacet
facet normal 0 1 0
outer loop
vertex 81 -133 1.2
vertex 81.5 -133 0
vertex 81 -133 0
endloop
endfacet
facet normal 0 -1 0
outer loop
vertex 95 -119 1.2
vertex 92.82516739435262 -119 1.2
vertex 90.51926580956986 -119 1.2
endloop
endfacet
facet normal 0 -1 0
outer loop
vertex 95 -119 1.2
vertex 90.51926580956986 -119 1.2
vertex 85.21826819985233 -119 1.2
endloop
endfacet
facet normal 0 -1 0
outer loop
vertex 95 -119 1.2
vertex 85.21826819985233 -119 1.2
vertex 81.5 -119 1.2
endloop
endfacet
facet normal 0 -1 0
outer loop
vertex 95 -119 1.2
vertex 81.5 -119 1.2
vertex 81 -119 1.2
endloop
endfacet
facet normal 0 -1 0
outer loop
vertex 95 -119 1.2
vertex 81 -119 1.2
vertex 81 -119 0
endloop
endfacet
facet normal 0 -1 0
outer loop
vertex 95 -119 1.2
vertex 81 -119 0
vertex 81.5 -119 0
endloop
endfacet
facet normal 0 -1 0
outer loop
vertex 95 -119 1.2
vertex 81.5 -119 0
vertex 85.21826819985235 -119 0
endloop
endfacet
facet normal 0 -1 0
outer loop
vertex 95 -119 1.2
vertex 85.21826819985235 -119 0
vertex 90.51926580956984 -119 0
endloop
endfacet
facet normal 0 -1 0
outer loop
vertex 95 -119 1.2
vertex 90.51926580956984 -119 0
vertex 92.82516739435262 -119 0
endloop
endfacet
facet normal 0 -1 0
outer loop
vertex 95 -119 1.2
vertex 92.82516739435262 -119 0
vertex 95 -119 0
endloop
endfacet
facet normal 0 1 0
outer loop
vertex 81 -114 1.2
vertex 81.5 -114 1.2
vertex 85.65571151748202 -114 1.2
endloop
endfacet
facet normal 0 1 0
outer loop
vertex 81 -114 1.2
vertex 85.65571151748202 -114 1.2
vertex 90.95670912719955 -114 1.2
endloop
endfacet
facet normal 0 1 0
outer loop
vertex 81 -114 1.2
vertex 90.95670912719955 -114 1.2
vertex 94.16491335650826 -114 1.2
endloop
endfacet
facet normal 0 1 0
outer loop
vertex 81 -114 1.2
vertex 94.16491335650826 -114 1.2
vertex 95 -114 1.2
endloop
endfacet
facet normal 0 1 0
outer loop
vertex 81 -114 1.2
vertex 95 -114 1.2
vertex 95 -114 0
endloop
endfacet
facet normal 0 1 0
outer loop
vertex 81 -114 1.2
vertex 95 -114 0
vertex 94.16491335650826 -114 0
endloop
endfacet
facet normal 0 1 0
outer loop
vertex 81 -114 1.2
vertex 94.16491335650826 -114 0
vertex 90.95670912719953 -114 0
endloop
endfacet
facet normal 0 1 0
outer loop
vertex 81 -114 1.2
vertex 90.95670912719953 -114 0
vertex 85.65571151748203 -114 0
endloop
endfacet
facet normal 0 1 0
outer loop
vertex 81 -114 1.2
vertex 85.65571151748203 -114 0
vertex 81.5 -114 0
endloop
endfacet
facet normal 0 1 0
outer loop
vertex 81 -114 1.2
vertex 81.5 -114 0
vertex 81 -114 0
endloop
endfacet
facet normal 0 -1 0
outer loop
vertex 95 -100 1.2
vertex 94.5 -100 1.2
vertex 92.18155041656266 -100 1.2
endloop
endfacet
facet normal 0 -1 0
outer loop
vertex 95 -100 1.2
vertex 92.18155041656266 -100 1.2
vertex 87.46201968454548 -100 1.2
endloop
endfacet
facet normal 0 -1 0
outer loop
vertex 95 -100 1.2
vertex 87.46201968454548 -100 1.2
vertex 86.88055280684513 -100 1.2
endloop
endfacet
facet normal 0 -1 0
outer loop
vertex 95 -100 1.2
vertex 86.88055280684513 -100 1.2
vertex 81.5 -100 1.2
endloop
endfacet
facet normal 0 -1 0
outer loop
vertex 95 -100 1.2
vertex 81.5 -100 1.2
vertex 81 -100 1.2
endloop
endfacet
facet normal 0 -1 0
outer loop
vertex 95 -100 1.2
vertex 81 -100 1.2
vertex 81 -100 0
endloop
endfacet
facet normal 0 -1 0
outer loop
vertex 95 -100 1.2
vertex 81 -100 0
vertex 81.5 -100 0
endloop
endfacet
facet normal 0 -1 0
outer loop
vertex 95 -100 1.2
vertex 81.5 -100 0
vertex 86.88055280684515 -100 0
endloop
endfacet
facet normal 0 -1 0
outer loop
vertex 95 -100 1.2
vertex 86.88055280684515 -100 0
vertex 87.46201968454545 -100 0
endloop
endfacet
facet normal 0 -1 0
outer loop
vertex 95 -100 1.2
vertex 87.46201968454545 -100 0
vertex 92.18155041656266 -100 0
endloop
endfacet
facet normal 0 -1 0
outer loop
vertex 95 -100 1.2
vertex 92.18155041656266 -100 0
vertex 94.5 -100 0
endloop
endfacet
facet normal 0 -1 0
outer loop
vertex 95 -100 1.2
vertex 94.5 -100 0
vertex 95 -100 0
endloop
endfacet
facet normal 0 1 0
outer loop
vertex 81 -95 1.2
vertex 81.5 -95 1.2
vertex 87.31799612447482 -95 1.2
endloop
endfacet
facet normal 0 1 0
outer loop
vertex 81 -95 1.2
vertex 87.31799612447482 -95 1.2
vertex 88.80176564670113 -95 1.2
endloop
endfacet
facet normal 0 1 0
outer loop
vertex 81 -95 1.2
vertex 88.80176564670113 -95 1.2
vertex 92.61899373419234 -95 1.2
endloop
endfacet
facet normal 0 1 0
outer loop
vertex 81 -95 1.2
vertex 92.61899373419234 -95 1.2
vertex 94.5 -95 1.2
endloop
endfacet
facet normal 0 1 0
outer loop
vertex 81 -95 1.2
vertex 94.5 -95 1.2
vertex 95 -95 1.2
endloop
endfacet
facet normal 0 1 0
outer loop
vertex 81 -95 1.2
vertex 95 -95 1.2
vertex 95 -95 0
endloop
endfacet
facet normal 0 1 0
outer loop
vertex 81 -95 1.2
vertex 95 -95 0
vertex 94.5 -95 0
endloop
endfacet
facet normal 0 1 0
outer loop
vertex 81 -95 1.2
vertex 94.5 -95 0
vertex 92.61899373419234 -95 0
endloop
endfacet
facet normal 0 1 0
outer loop
vertex 81 -95 1.2
vertex 92.61899373419234 -95 0
vertex 88.8017656467011 -95 0
endloop
endfacet
facet normal 0 1 0
outer loop
vertex 81 -95 1.2
vertex 88.8017656467011 -95 0
vertex 87.31799612447483 -95 0
endloop
endfacet
facet normal 0 1 0
outer loop
vertex 81 -95 1.2
vertex 87.31799612447483 -95 0
vertex 81.5 -95 0
endloop
endfacet
facet normal 0 1 0
outer loop
vertex 81 -95 1.2
vertex 81.5 -95 0
vertex 81 -95 0
endloop
endfacet
facet normal 0 -1 0
outer loop
vertex 95 -81 1.2
vertex 94.5 -81 1.2
vertex 93.84383502355547 -81 1.2
endloop
endfacet
facet normal 0 -1 0
outer loop
vertex 95 -81 1.2
vertex 93.84383502355547 -81 1.2
vertex 92.55305434073694 -81 1.2
endloop
endfacet
facet normal 0 -1 0
outer loop
vertex 95 -81 1.2
vertex 92.55305434073694 -81 1.2
vertex 91.2010510295616 -81 1.2
endloop
endfacet
facet normal 0 -1 0
outer loop
vertex 95 -81 1.2
vertex 91.2010510295616 -81 1.2
vertex 89.68070180920559 -81 1.2
endloop
endfacet
facet normal 0 -1 0
outer loop
vertex 95 -81 1.2
vertex 89.68070180920559 -81 1.2
vertex 88.54283741383794 -81 1.2
endloop
endfacet
facet normal 0 -1 0
outer loop
vertex 95 -81 1.2
vertex 88.54283741383794 -81 1.2
vertex 81.5 -81 1.2
endloop
endfacet
facet normal 0 -1 0
outer loop
vertex 95 -81 1.2
vertex 81.5 -81 1.2
vertex 81 -81 1.2
endloop
endfacet
facet normal 0 -1 0
outer loop
vertex 95 -81 1.2
vertex 81 -81 1.2
vertex 81 -81 0
endloop
endfacet
facet normal 0 -1 0
outer loop
vertex 95 -81 1.2
vertex 81 -81 0
vertex 81.5 -81 0
endloop
endfacet
facet normal 0 -1 0
outer loop
vertex 95 -81 1.2
vertex 81.5 -81 0
vertex 88.54283741383796 -81 0
endloop
endfacet
facet normal 0 -1 0
outer loop
vertex 95 -81 1.2
vertex 88.54283741383796 -81 0
vertex 89.6807018092056 -81 0
endloop
endfacet
facet normal 0 -1 0
outer loop
vertex 95 -81 1.2
vertex 89.6807018092056 -81 0
vertex 91.20105102956161 -81 0
endloop
endfacet
facet normal 0 -1 0
outer loop
vertex 95 -81 1.2
vertex 91.20105102956161 -81 0
vertex 92.55305434073692 -81 0
endloop
endfacet
facet normal 0 -1 0
outer loop
vertex 95 -81 1.2
vertex 92.55305434073692 -81 0
vertex 93.84383502355547 -81 0
endloop
endfacet
facet normal 0 -1 0
outer loop
vertex 95 -81 1.2
vertex 93.84383502355547 -81 0
vertex 94.5 -81 0
endloop
endfacet
facet normal 0 -1 0
outer loop
vertex 95 -81 1.2
vertex 94.5 -81 0
vertex 95 -81 0
endloop
endfacet
facet normal 0 1 0
outer loop
vertex 100 -149 1.2
vertex 105.59194156286335 -149 1.2
vertex 114 -149 1.2
endloop
endfacet
facet normal 0 1 0
outer loop
vertex 100 -149 1.2
vertex 114 -149 1.2
vertex 114 -149 0
endloop
endfacet
facet normal 0 1 0
outer loop
vertex 100 -149 1.2
vertex 114 -149 0
vertex 105.59194156286331 -149 0
endloop
endfacet
facet normal 0 1 0
outer loop
vertex 100 -149 1.2
vertex 105.59194156286331 -149 0
vertex 100 -149 0
endloop
endfacet
facet normal -1 0 0
outer loop
vertex 114 -149 1.2
vertex 114 -145.07925796054835 1.2
vertex 114 -140 1.2
endloop
endfacet
facet normal -1 0 0
outer loop
vertex 114 -149 1.2
vertex 114 -140 1.2
vertex 114 -137.71141173882438 1.2
endloop
endfacet
facet normal -1 0 0
outer loop
vertex 114 -149 1.2
vertex 114 -137.71141173882438 1.2
vertex 114 -135 1.2
endloop
endfacet
facet normal -1 0 0
outer loop
vertex 114 -149 1.2
vertex 114 -135 1.2
vertex 114 -135 0
endloop
endfacet
facet normal -1 0 0
outer loop
vertex 114 -149 1.2
vertex 114 -135 0
vertex 114 -137.7114117388244 0
endloop
endfacet
facet normal -1 0 0
outer loop
vertex 114 -149 1.2
vertex 114 -137.7114117388244 0
vertex 114 -140 0
endloop
endfacet
facet normal -1 0 0
outer loop
vertex 114 -149 1.2
vertex 114 -140 0
vertex 114 -145.07925796054832 0
endloop
endfacet
facet normal -1 0 0
outer loop
vertex 114 -149 1.2
vertex 114 -145.07925796054832 0
vertex 114 -149 0
endloop
endfacet
facet normal -1 0 0
outer loop
vertex 114 -130 1.2
vertex 114 -128.1823358943908 1.2
vertex 114 -116 1.2
endloop
endfacet
facet normal -1 0 0
outer loop
vertex 114 -130 1.2
vertex 114 -116 1.2
vertex 114 -116 0
endloop
endfacet
facet normal -1 0 0
outer loop
vertex 114 -130 1.2
vertex 114 -116 0
vertex 114 -128.18233589439083 0
endloop
endfacet
facet normal -1 0 0
outer loop
vertex 114 -130 1.2
vertex 114 -128.18233589439083 0
vertex 114 -130 0
endloop
endfacet
facet normal -1 0 0
outer loop
vertex 114 -111 1.2
vertex 114 -97 1.2
vertex 114 -97 0
endloop
endfacet
facet normal -1 0 0
outer loop
vertex 114 -111 1.2
vertex 114 -97 0
vertex 114 -111 0
endloop
endfacet
facet normal -1 0 0
outer loop
vertex 114 -92 1.2
vertex 114 -91.378143980948 1.2
vertex 114 -78 1.2
endloop
endfacet
facet normal -1 0 0
outer loop
vertex 114 -92 1.2
vertex 114 -78 1.2
vertex 114 -78 0
endloop
endfacet
facet normal -1 0 0
outer loop
vertex 114 -92 1.2
vertex 114 -78 0
vertex 114 -91.37814398094798 0
endloop
endfacet
facet normal -1 0 0
outer loop
vertex 114 -92 1.2
vertex 114 -91.37814398094798 0
vertex 114 -92 0
endloop
endfacet
facet normal 0 -1 0
outer loop
vertex 114 -135 1.2
vertex 107.1823358943904 -135 1.2
vertex 100 -135 1.2
endloop
endfacet
facet normal 0 -1 0
outer loop
vertex 114 -135 1.2
vertex 100 -135 1.2
vertex 100 -135 0
endloop
endfacet
facet normal 0 -1 0
outer loop
vertex 114 -135 1.2
vertex 100 -135 0
vertex 107.18233589439045 -135 0
endloop
endfacet
facet normal 0 -1 0
outer loop
vertex 114 -135 1.2
vertex 107.18233589439045 -135 0
vertex 114 -135 0
endloop
endfacet
facet normal 1 0 0
outer loop
vertex 100 -135 1.2
vertex 100 -142.18233589438998 1.2
vertex 100 -147.5143172737607 1.2
endloop
endfacet
facet normal 1 0 0
outer loop
vertex 100 -135 1.2
vertex 100 -147.5143172737607 1.2
vertex 100 -149 1.2
endloop
endfacet
facet normal 1 0 0
outer loop
vertex 100 -135 1.2
vertex 100 -149 1.2
vertex 100 -149 0
endloop
endfacet
facet normal 1 0 0
outer loop
vertex 100 -135 1.2
vertex 100 -149 0
vertex 100 -147.51431727376072 0
endloop
endfacet
facet normal 1 0 0
outer loop
vertex 100 -135 1.2
vertex 100 -147.51431727376072 0
vertex 100 -142.18233589439004 0
endloop
endfacet
facet normal 1 0 0
outer loop
vertex 100 -135 1.2
vertex 100 -142.18233589439004 0
vertex 100 -135 0
endloop
endfacet
facet normal 1 0 0
outer loop
vertex 100 -116 1.2
vertex 100 -121.40124086808395 1.2
vertex 100 -130 1.2
endloop
endfacet
facet normal 1 0 0
outer loop
vertex 100 -116 1.2
vertex 100 -130 1.2
vertex 100 -130 0
endloop
endfacet
facet normal 1 0 0
outer loop
vertex 100 -116 1.2
vertex 100 -130 0
vertex 100 -121.40124086808392 0
endloop
endfacet
facet normal 1 0 0
outer loop
vertex 100 -116 1.2
vertex 100 -121.40124086808392 0
vertex 100 -116 0
endloop
endfacet
facet normal 1 0 0
outer loop
vertex 100 -97 1.2
vertex 100 -111 1.2
vertex 100 -111 0
endloop
endfacet
facet normal 1 0 0
outer loop
vertex 100 -97 1.2
vertex 100 -111 0
vertex 100 -97 0
endloop
endfacet
facet normal 1 0 0
outer loop
vertex 100 -78 1.2
vertex 100 -92 1.2
vertex 100 -92 0
endloop
endfacet
facet normal 1 0 0
outer loop
vertex 100 -78 1.2
vertex 100 -92 0
vertex 100 -78 0
endloop
endfacet
facet normal 0 1 0
outer loop
vertex 100 -130 1.2
vertex 103.12427910782812 -130 1.2
vertex 112.18233589439069 -130 1.2
endloop
endfacet
facet normal 0 1 0
outer loop
vertex 100 -130 1.2
vertex 112.18233589439069 -130 1.2
vertex 114 -130 1.2
endloop
endfacet
facet normal 0 1 0
outer loop
vertex 100 -130 1.2
vertex 114 -130 1.2
vertex 114 -130 0
endloop
endfacet
facet normal 0 1 0
outer loop
vertex 100 -130 1.2
vertex 114 -130 0
vertex 112.18233589439073 -130 0
endloop
endfacet
facet normal 0 1 0
outer loop
vertex 100 -130 1.2
vertex 112.18233589439073 -130 0
vertex 103.12427910782806 -130 0
endloop
endfacet
facet normal 0 1 0
outer loop
vertex 100 -130 1.2
vertex 103.12427910782806 -130 0
vertex 100 -130 0
endloop
endfacet
facet normal 0 -1 0
outer loop
vertex 114 -116 1.2
vertex 112.92718464276442 -116 1.2
vertex 102.51863998032712 -116 1.2
endloop
endfacet
facet normal 0 -1 0
outer loop
vertex 114 -116 1.2
vertex 102.51863998032712 -116 1.2
vertex 100 -116 1.2
endloop
endfacet
facet normal 0 -1 0
outer loop
vertex 114 -116 1.2
vertex 100 -116 1.2
vertex 100 -116 0
endloop
endfacet
facet normal 0 -1 0
outer loop
vertex 114 -116 1.2
vertex 100 -116 0
vertex 102.51863998032711 -116 0
endloop
endfacet
facet normal 0 -1 0
outer loop
vertex 114 -116 1.2
vertex 102.51863998032711 -116 0
vertex 112.92718464276437 -116 0
endloop
endfacet
facet normal 0 -1 0
outer loop
vertex 114 -116 1.2
vertex 112.92718464276437 -116 0
vertex 114 -116 0
endloop
endfacet
facet normal 0 1 0
outer loop
vertex 100 -111 1.2
vertex 104.85017827110195 -111 1.2
vertex 114 -111 1.2
endloop
endfacet
facet normal 0 1 0
outer loop
vertex 100 -111 1.2
vertex 114 -111 1.2
vertex 114 -111 0
endloop
endfacet
facet normal 0 1 0
outer loop
vertex 100 -111 1.2
vertex 114 -111 0
vertex 104.85017827110194 -111 0
endloop
endfacet
facet normal 0 1 0
outer loop
vertex 100 -111 1.2
vertex 104.85017827110194 -111 0
vertex 100 -111 0
endloop
endfacet
facet normal 0 -1 0
outer loop
vertex 114 -97 1.2
vertex 111.37848548527147 -97 1.2
vertex 100 -97 1.2
endloop
endfacet
facet normal 0 -1 0
outer loop
vertex 114 -97 1.2
vertex 100 -97 1.2
vertex 100 -97 0
endloop
endfacet
facet normal 0 -1 0
outer loop
vertex 114 -97 1.2
vertex 100 -97 0
vertex 111.37848548527145 -97 0
endloop
endfacet
facet normal 0 -1 0
outer loop
vertex 114 -97 1.2
vertex 111.37848548527145 -97 0
vertex 114 -97 0
endloop
endfacet
facet normal 0 1 0
outer loop
vertex 100 -92 1.2
vertex 100.05979558999312 -92 1.2
vertex 113.71002377604628 -92 1.2
endloop
endfacet
facet normal 0 1 0
outer loop
vertex 100 -92 1.2
vertex 113.71002377604628 -92 1.2
vertex 114 -92 1.2
endloop
endfacet
facet normal 0 1 0
outer loop
vertex 100 -92 1.2
vertex 114 -92 1.2
vertex 114 -92 0
endloop
endfacet
facet normal 0 1 0
outer loop
vertex 100 -92 1.2
vertex 114 -92 0
vertex 113.71002377604628 -92 0
endloop
endfacet
facet normal 0 1 0
outer loop
vertex 100 -92 1.2
vertex 113.71002377604628 -92 0
vertex 100.05979558999312 -92 0
endloop
endfacet
facet normal 0 1 0
outer loop
vertex 100 -92 1.2
vertex 100.05979558999312 -92 0
vertex 100 -92 0
endloop
endfacet
facet normal 0 -1 0
outer loop
vertex 114 -78 1.2
vertex 103.81108428402894 -78 1.2
vertex 100 -78 1.2
endloop
endfacet
facet normal 0 -1 0
outer loop
vertex 114 -78 1.2
vertex 100 -78 1.2
vertex 100 -78 0
endloop
endfacet
facet normal 0 -1 0
outer loop
vertex 114 -78 1.2
vertex 100 -78 0
vertex 103.81108428402892 -78 0
endloop
endfacet
facet normal 0 -1 0
outer loop
vertex 114 -78 1.2
vertex 103.81108428402892 -78 0
vertex 114 -78 0
endloop
endfacet
facet normal 0 1 0
outer loop
vertex 119 -154 1.2
vertex 133 -154 1.2
vertex 133 -154 0
endloop
endfacet
facet normal 0 1 0
outer loop
vertex 119 -154 1.2
vertex 133 -154 0
vertex 119 -154 0
endloop
endfacet
facet normal -1 0 0
outer loop
vertex 133 -154 1.2
vertex 133 -146.17384169068868 1.2
vertex 133 -140 1.2
endloop
endfacet
facet normal -1 0 0
outer loop
vertex 133 -154 1.2
vertex 133 -140 1.2
vertex 133 -140 0
endloop
endfacet
facet normal -1 0 0
outer loop
vertex 133 -154 1.2
vertex 133 -140 0
vertex 133 -146.17384169068868 0
endloop
endfacet
facet normal -1 0 0
outer loop
vertex 133 -154 1.2
vertex 133 -146.17384169068868 0
vertex 133 -154 0
endloop
endfacet
facet normal -1 0 0
outer loop
vertex 133 -135 1.2
vertex 133 -124.40746851283939 1.2
vertex 133 -121 1.2
endloop
endfacet
facet normal -1 0 0
outer loop
vertex 133 -135 1.2
vertex 133 -121 1.2
vertex 133 -121 0
endloop
endfacet
facet normal -1 0 0
outer loop
vertex 133 -135 1.2
vertex 133 -121 0
vertex 133 -124.4074685128394 0
endloop
endfacet
facet normal -1 0 0
outer loop
vertex 133 -135 1.2
vertex 133 -124.4074685128394 0
vertex 133 -135 0
endloop
endfacet
facet normal -1 0 0
outer loop
vertex 133 -116 1.2
vertex 133 -109.18233589439191 1.2
vertex 133 -102 1.2
endloop
endfacet
facet normal -1 0 0
outer loop
vertex 133 -116 1.2
vertex 133 -102 1.2
vertex 133 -102 0
endloop
endfacet
facet normal -1 0 0
outer loop
vertex 133 -116 1.2
vertex 133 -102 0
vertex 133 -109.18233589439193 0
endloop
endfacet
facet normal -1 0 0
outer loop
vertex 133 -116 1.2
vertex 133 -109.18233589439193 0
vertex 133 -116 0
endloop
endfacet
facet normal -1 0 0
outer loop
vertex 133 -97 1.2
vertex 133 -87.33304875786258 1.2
vertex 133 -83 1.2
endloop
endfacet
facet normal -1 0 0
outer loop
vertex 133 -97 1.2
vertex 133 -83 1.2
vertex 133 -83 0
endloop
endfacet
facet normal -1 0 0
outer loop
vertex 133 -97 1.2
vertex 133 -83 0
vertex 133 -87.33304875786254 0
endloop
endfacet
facet normal -1 0 0
outer loop
vertex 133 -97 1.2
vertex 133 -87.33304875786254 0
vertex 133 -97 0
endloop
endfacet
facet normal 0 -1 0
outer loop
vertex 133 -140 1.2
vertex 124.8925038474489 -140 1.2
vertex 119 -140 1.2
endloop
endfacet
facet normal 0 -1 0
outer loop
vertex 133 -140 1.2
vertex 119 -140 1.2
vertex 119 -140 0
endloop
endfacet
facet normal 0 -1 0
outer loop
vertex 133 -140 1.2
vertex 119 -140 0
vertex 124.89250384744884 -140 0
endloop
endfacet
facet normal 0 -1 0
outer loop
vertex 133 -140 1.2
vertex 124.89250384744884 -140 0
vertex 133 -140 0
endloop
endfacet
facet normal 1 0 0
outer loop
vertex 119 -140 1.2
vertex 119 -142.7477196697733 1.2
vertex 119 -149 1.2
endloop
endfacet
facet normal 1 0 0
outer loop
vertex 119 -140 1.2
vertex 119 -149 1.2
vertex 119 -149.9251303847245 1.2
endloop
endfacet
facet normal 1 0 0
outer loop
vertex 119 -140 1.2
vertex 119 -149.9251303847245 1.2
vertex 119 -154 1.2
endloop
endfacet
facet normal 1 0 0
outer loop
vertex 119 -140 1.2
vertex 119 -154 1.2
vertex 119 -154 0
endloop
endfacet
facet normal 1 0 0
outer loop
vertex 119 -140 1.2
vertex 119 -154 0
vertex 119 -149.9251303847245 0
endloop
endfacet
facet normal 1 0 0
outer loop
vertex 119 -140 1.2
vertex 119 -149.9251303847245 0
vertex 119 -149 0
endloop
endfacet
facet normal 1 0 0
outer loop
vertex 119 -140 1.2
vertex 119 -149 0
vertex 119 -142.74771966977326 0
endloop
endfacet
facet normal 1 0 0
outer loop
vertex 119 -140 1.2
vertex 119 -142.74771966977326 0
vertex 119 -140 0
endloop
endfacet
facet normal 1 0 0
outer loop
vertex 119 -121 1.2
vertex 119 -123.1823358943911 1.2
vertex 119 -134.2103740477757 1.2
endloop
endfacet
facet normal 1 0 0
outer loop
vertex 119 -121 1.2
vertex 119 -134.2103740477757 1.2
vertex 119 -135 1.2
endloop
endfacet
facet normal 1 0 0
outer loop
vertex 119 -121 1.2
vertex 119 -135 1.2
vertex 119 -135 0
endloop
endfacet
facet normal 1 0 0
outer loop
vertex 119 -121 1.2
vertex 119 -135 0
vertex 119 -134.21037404777573 0
endloop
endfacet
facet normal 1 0 0
outer loop
vertex 119 -121 1.2
vertex 119 -134.21037404777573 0
vertex 119 -123.18233589439112 0
endloop
endfacet
facet normal 1 0 0
outer loop
vertex 119 -121 1.2
vertex 119 -123.18233589439112 0
vertex 119 -121 0
endloop
endfacet
facet normal 1 0 0
outer loop
vertex 119 -102 1.2
vertex 119 -107.32712085225143 1.2
vertex 119 -116 1.2
endloop
endfacet
facet normal 1 0 0
outer loop
vertex 119 -102 1.2
vertex 119 -116 1.2
vertex 119 -116 0
endloop
endfacet
facet normal 1 0 0
outer loop
vertex 119 -102 1.2
vertex 119 -116 0
vertex 119 -107.32712085225137 0
endloop
endfacet
facet normal 1 0 0
outer loop
vertex 119 -102 1.2
vertex 119 -107.32712085225137 0
vertex 119 -102 0
endloop
endfacet
facet normal 1 0 0
outer loop
vertex 119 -83 1.2
vertex 119 -97 1.2
vertex 119 -97 0
endloop
endfacet
facet normal 1 0 0
outer loop
vertex 119 -83 1.2
vertex 119 -97 0
vertex 119 -83 0
endloop
endfacet
facet normal 0 1 0
outer loop
vertex 119 -135 1.2
vertex 133 -135 1.2
vertex 133 -135 0
endloop
endfacet
facet normal 0 1 0
outer loop
vertex 119 -135 1.2
vertex 133 -135 0
vertex 119 -135 0
endloop
endfacet
facet normal 0 -1 0
outer loop
vertex 133 -121 1.2
vertex 121.18233589439123 -121 1.2
vertex 119 -121 1.2
endloop
endfacet
facet normal 0 -1 0
outer loop
vertex 133 -121 1.2
vertex 119 -121 1.2
vertex 119 -121 0
endloop
endfacet
facet normal 0 -1 0
outer loop
vertex 133 -121 1.2
vertex 119 -121 0
vertex 121.18233589439124 -121 0
endloop
endfacet
facet normal 0 -1 0
outer loop
vertex 133 -121 1.2
vertex 121.18233589439124 -121 0
vertex 133 -121 0
endloop
endfacet
facet normal 0 1 0
outer loop
vertex 119 -116 1.2
vertex 126.18233589439151 -116 1.2
vertex 133 -116 1.2
endloop
endfacet
facet normal 0 1 0
outer loop
vertex 119 -116 1.2
vertex 133 -116 1.2
vertex 133 -116 0
endloop
endfacet
facet normal 0 1 0
outer loop
vertex 119 -116 1.2
vertex 133 -116 0
vertex 126.18233589439153 -116 0
endloop
endfacet
facet normal 0 1 0
outer loop
vertex 119 -116 1.2
vertex 126.18233589439153 -116 0
vertex 119 -116 0
endloop
endfacet
facet normal 0 -1 0
outer loop
vertex 133 -102 1.2
vertex 122.73009017770073 -102 1.2
vertex 119 -102 1.2
endloop
endfacet
facet normal 0 -1 0
outer loop
vertex 133 -102 1.2
vertex 119 -102 1.2
vertex 119 -102 0
endloop
endfacet
facet normal 0 -1 0
outer loop
vertex 133 -102 1.2
vertex 119 -102 0
vertex 122.73009017770069 -102 0
endloop
endfacet
facet normal 0 -1 0
outer loop
vertex 133 -102 1.2
vertex 122.73009017770069 -102 0
vertex 133 -102 0
endloop
endfacet
facet normal 0 1 0
outer loop
vertex 119 -97 1.2
vertex 126.23112786874941 -97 1.2
vertex 133 -97 1.2
endloop
endfacet
facet normal 0 1 0
outer loop
vertex 119 -97 1.2
vertex 133 -97 1.2
vertex 133 -97 0
endloop
endfacet
facet normal 0 1 0
outer loop
vertex 119 -97 1.2
vertex 133 -97 0
vertex 126.23112786874937 -97 0
endloop
endfacet
facet normal 0 1 0
outer loop
vertex 119 -97 1.2
vertex 126.23112786874937 -97 0
vertex 119 -97 0
endloop
endfacet
facet normal 0 -1 0
outer loop
vertex 133 -83 1.2
vertex 119 -83 1.2
vertex 119 -83 0
endloop
endfacet
facet normal 0 -1 0
outer loop
vertex 133 -83 1.2
vertex 119 -83 0
vertex 133 -83 0
endloop
endfacet
facet normal 0 1 0
outer loop
vertex 138 -137 1.2
vertex 152 -137 1.2
vertex 152 -137 0
endloop
endfacet
facet normal 0 1 0
outer loop
vertex 138 -137 1.2
vertex 152 -137 0
vertex 138 -137 0
endloop
endfacet
facet normal -1 0 0
outer loop
vertex 152 -137 1.2
vertex 152 -127.35956695065791 1.2
vertex 152 -123 1.2
endloop
endfacet
facet normal -1 0 0
outer loop
vertex 152 -137 1.2
vertex 152 -123 1.2
vertex 152 -123 0
endloop
endfacet
facet normal -1 0 0
outer loop
vertex 152 -137 1.2
vertex 152 -123 0
vertex 152 -127.35956695065791 0
endloop
endfacet
facet normal -1 0 0
outer loop
vertex 152 -137 1.2
vertex 152 -127.35956695065791 0
vertex 152 -137 0
endloop
endfacet
facet normal -1 0 0
outer loop
vertex 152 -118 1.2
vertex 152 -111.10352528685439 1.2
vertex 152 -104 1.2
endloop
endfacet
facet normal -1 0 0
outer loop
vertex 152 -118 1.2
vertex 152 -104 1.2
vertex 152 -104 0
endloop
endfacet
facet normal -1 0 0
outer loop
vertex 152 -118 1.2
vertex 152 -104 0
vertex 152 -111.1035252868544 0
endloop
endfacet
facet normal -1 0 0
outer loop
vertex 152 -118 1.2
vertex 152 -111.1035252868544 0
vertex 152 -118 0
endloop
endfacet
facet normal -1 0 0
outer loop
vertex 152 -99 1.2
vertex 152 -90.18233589439302 1.2
vertex 152 -85 1.2
endloop
endfacet
facet normal -1 0 0
outer loop
vertex 152 -99 1.2
vertex 152 -85 1.2
vertex 152 -85 0
endloop
endfacet
facet normal -1 0 0
outer loop
vertex 152 -99 1.2
vertex 152 -85 0
vertex 152 -90.18233589439303 0
endloop
endfacet
facet normal -1 0 0
outer loop
vertex 152 -99 1.2
vertex 152 -90.18233589439303 0
vertex 152 -99 0
endloop
endfacet
facet normal 0 -1 0
outer loop
vertex 152 -123 1.2
vertex 138 -123 1.2
vertex 138 -123 0
endloop
endfacet
facet normal 0 -1 0
outer loop
vertex 152 -123 1.2
vertex 138 -123 0
vertex 152 -123 0
endloop
endfacet
facet normal 1 0 0
outer loop
vertex 138 -123 1.2
vertex 138 -133.88787416482808 1.2
vertex 138 -137 1.2
endloop
endfacet
facet normal 1 0 0
outer loop
vertex 138 -123 1.2
vertex 138 -137 1.2
vertex 138 -137 0
endloop
endfacet
facet normal 1 0 0
outer loop
vertex 138 -123 1.2
vertex 138 -137 0
vertex 138 -133.88787416482805 0
endloop
endfacet
facet normal 1 0 0
outer loop
vertex 138 -123 1.2
vertex 138 -133.88787416482805 0
vertex 138 -123 0
endloop
endfacet
facet normal 1 0 0
outer loop
vertex 138 -104 1.2
vertex 138 -104.18233589439221 1.2
vertex 138 -118 1.2
endloop
endfacet
facet normal 1 0 0
outer loop
vertex 138 -104 1.2
vertex 138 -118 1.2
vertex 138 -118 0
endloop
endfacet
facet normal 1 0 0
outer loop
vertex 138 -104 1.2
vertex 138 -118 0
vertex 138 -104.18233589439222 0
endloop
endfacet
facet normal 1 0 0
outer loop
vertex 138 -104 1.2
vertex 138 -104.18233589439222 0
vertex 138 -104 0
endloop
endfacet
facet normal 1 0 0
outer loop
vertex 138 -85 1.2
vertex 138 -99 1.2
vertex 138 -99 0
endloop
endfacet
facet normal 1 0 0
outer loop
vertex 138 -85 1.2
vertex 138 -99 0
vertex 138 -85 0
endloop
endfacet
facet normal 0 1 0
outer loop
vertex 138 -118 1.2
vertex 142.15081338487408 -118 1.2
vertex 152 -118 1.2
endloop
endfacet
facet normal 0 1 0
outer loop
vertex 138 -118 1.2
vertex 152 -118 1.2
vertex 152 -118 0
endloop
endfacet
facet normal 0 1 0
outer loop
vertex 138 -118 1.2
vertex 152 -118 0
vertex 142.1508133848741 -118 0
endloop
endfacet
facet normal 0 1 0
outer loop
vertex 138 -118 1.2
vertex 142.1508133848741 -118 0
vertex 138 -118 0
endloop
endfacet
facet normal 0 -1 0
outer loop
vertex 152 -104 1.2
vertex 138.18233589439222 -104 1.2
vertex 138 -104 1.2
endloop
endfacet
facet normal 0 -1 0
outer loop
vertex 152 -104 1.2
vertex 138 -104 1.2
vertex 138 -104 0
endloop
endfacet
facet normal 0 -1 0
outer loop
vertex 152 -104 1.2
vertex 138 -104 0
vertex 138.18233589439222 -104 0
endloop
endfacet
facet normal 0 -1 0
outer loop
vertex 152 -104 1.2
vertex 138.18233589439222 -104 0
vertex 152 -104 0
endloop
endfacet
facet normal 0 1 0
outer loop
vertex 138 -99 1.2
vertex 143.1823358943925 -99 1.2
vertex 152 -99 1.2
endloop
endfacet
facet normal 0 1 0
outer loop
vertex 138 -99 1.2
vertex 152 -99 1.2
vertex 152 -99 0
endloop
endfacet
facet normal 0 1 0
outer loop
vertex 138 -99 1.2
vertex 152 -99 0
vertex 143.1823358943925 -99 0
endloop
endfacet
facet normal 0 1 0
outer loop
vertex 138 -99 1.2
vertex 143.1823358943925 -99 0
vertex 138 -99 0
endloop
endfacet
facet normal 0 -1 0
outer loop
vertex 152 -85 1.2
vertex 138 -85 1.2
vertex 138 -85 0
endloop
endfacet
facet normal 0 -1 0
outer loop
vertex 152 -85 1.2
vertex 138 -85 0
vertex 152 -85 0
endloop
endfacet
endsolid csg.js
